tweet,scores,tokens,length,absolutely_negative,very_negative,negative,neutral,positive,very_positive,perception
b'rt @mayelaabr: te odio cable onda',[ 0  0 -2 -2  0  0],"[""b'rt"", '@mayelaabr:', 'te', 'odio', 'cable', ""onda'""]",36.0,0.0,2.0,0.0,4.0,0.0,0.0,-2.0
"b'rt @alegrebengali: colombia patria m\xc3\xada, te llevo con amor en mi coraz\xc3\xb3n...\n\nfeliz d\xc3\xada de la independencia \xf0\x9f\x87\xa8\xf0\x9f\x87\xb4 https://t.co/ofmvsl1b28'",[ 0  0  0  0  0 -2  0  0  2  1 -3  0  0 -2 -1  0  0  0],"[""b'rt"", '@alegrebengali:', 'colombia', 'patria', 'm\\xc3\\xada,', 'te', 'llevo', 'con', 'amor', 'en', 'mi', 'coraz\\xc3\\xb3n...\\n\\nfeliz', 'd\\xc3\\xada', 'de', 'la', 'independencia', '\\xf0\\x9f\\x87\\xa8\\xf0\\x9f\\x87\\xb4', ""https://t.co/ofmvsl1b28'""]",188.0,2.0,4.0,2.0,8.0,2.0,2.0,2.0
"b'rt @joshuav_delgado: prueba de fuego para cable onda hoy que la mayor\xc3\xada de las escuelas p\xc3\xbablicas, privadas y universidades est\xc3\xa1n dando clas\xe2\x80\xa6'",[ 0  0  0 -2  0  0  0  0  0  0 -1  0 -2 -1  0  0  0  0  0  0  0  0],"[""b'rt"", '@joshuav_delgado:', 'prueba', 'de', 'fuego', 'para', 'cable', 'onda', 'hoy', 'que', 'la', 'mayor\\xc3\\xada', 'de', 'las', 'escuelas', 'p\\xc3\\xbablicas,', 'privadas', 'y', 'universidades', 'est\\xc3\\xa1n', 'dando', ""clas\\xe2\\x80\\xa6'""]",175.0,0.0,4.0,4.0,8.0,0.0,0.0,-2.0
b'rt @irene_domingz: la mejor declaraci\xc3\xb3n de amor que he visto nunca. https://t.co/lmxv1hw0ri',[ 0  0 -1  2  0 -2  2  0  2  0  0  0],"[""b'rt"", '@irene_domingz:', 'la', 'mejor', 'declaraci\\xc3\\xb3n', 'de', 'amor', 'que', 'he', 'visto', 'nunca.', ""https://t.co/lmxv1hw0ri'""]",101.0,0.0,2.0,2.0,8.0,0.0,6.0,2.0
b'@moisesssedwin cable onda',[0 0 0],"[""b'@moisesssedwin"", 'cable', ""onda'""]",28.0,0.0,0.0,0.0,2.0,0.0,0.0,0.0
b'rt @lunaypr1: quiero tener un amor sin contrato \xf0\x9f\x96\xa4\xf0\x9f\x98\x88',[0 0 0 0 0 2 0 0 0],"[""b'rt"", '@lunaypr1:', 'quiero', 'tener', 'un', 'amor', 'sin', 'contrato', ""\\xf0\\x9f\\x96\\xa4\\xf0\\x9f\\x98\\x88'""]",83.0,0.0,0.0,0.0,4.0,0.0,2.0,2.0
"b'rt @miguelangelowa1: @zulayrl una pregunta hd, hay o no hay moratoria. porque cable onda insiste en suspender el servicio de internet, es u\xe2\x80\xa6'",[ 0  0  0  0  0  0  0 -2 -1  0  0  0  0  0  0  1  0  2  0 -2  0 -2  0],"[""b'rt"", '@miguelangelowa1:', '@zulayrl', 'una', 'pregunta', 'hd,', 'hay', 'o', 'no', 'hay', 'moratoria.', 'porque', 'cable', 'onda', 'insiste', 'en', 'suspender', 'el', 'servicio', 'de', 'internet,', 'es', ""u\\xe2\\x80\\xa6'""]",154.0,0.0,6.0,2.0,12.0,2.0,2.0,-2.0
b'rt @rguezzale: encontrar amor y amistad en la misma persona es ganar en la vida.',[ 0  0  0  2  0  0  1 -1  0  0 -2  0  1 -1  0],"[""b'rt"", '@rguezzale:', 'encontrar', 'amor', 'y', 'amistad', 'en', 'la', 'misma', 'persona', 'es', 'ganar', 'en', 'la', ""vida.'""]",83.0,0.0,2.0,4.0,10.0,4.0,2.0,2.0
b'cable onda me tiene bien fkn harta\xf0\x9f\x98\xa1',[0 0 2 0 1 0 0],"[""b'cable"", 'onda', 'me', 'tiene', 'bien', 'fkn', ""harta\\xf0\\x9f\\x98\\xa1'""]",53.0,0.0,0.0,0.0,6.0,2.0,2.0,2.0
b'rt @rguezzale: encontrar amor y amistad en la misma persona es ganar en la vida.',[ 0  0  0  2  0  0  1 -1  0  0 -2  0  1 -1  0],"[""b'rt"", '@rguezzale:', 'encontrar', 'amor', 'y', 'amistad', 'en', 'la', 'misma', 'persona', 'es', 'ganar', 'en', 'la', ""vida.'""]",83.0,0.0,2.0,4.0,10.0,4.0,2.0,2.0
"b'@zulayrl una pregunta hd, hay o no hay moratoria. porque cable onda insiste en suspender el servicio de internet, e\xe2\x80\xa6 https://t.co/uhn3bxgane'",[ 0  0  0  0  0 -2 -1  0  0  0  0  0  0  1  0  2  0 -2  0  0  0],"[""b'@zulayrl"", 'una', 'pregunta', 'hd,', 'hay', 'o', 'no', 'hay', 'moratoria.', 'porque', 'cable', 'onda', 'insiste', 'en', 'suspender', 'el', 'servicio', 'de', 'internet,', 'e\\xe2\\x80\\xa6', ""https://t.co/uhn3bxgane'""]",154.0,0.0,4.0,2.0,10.0,2.0,2.0,-2.0
"b'rt @ponchingarciajr: el amor llegar\xc3\xa1, ahorita conc\xc3\xa9ntrate en llenar tu cv.'",[0 0 2 2 0 0 0 1 0 0 0],"[""b'rt"", '@ponchingarciajr:', 'el', 'amor', 'llegar\\xc3\\xa1,', 'ahorita', 'conc\\xc3\\xa9ntrate', 'en', 'llenar', 'tu', ""cv.'""]",91.0,0.0,0.0,0.0,6.0,2.0,2.0,2.0
b'rt @sdbardayan: me siento mal por los agentes del call center de cable onda que tienen que lidiar con los clientes frustrados; dar la cara\xe2\x80\xa6',"[ 0  0  2  0 -1  0 -1  0  0  0  0 -2  0  0  0  0  0  0  0 -1  0  0  0 -1
  0]","[""b'rt"", '@sdbardayan:', 'me', 'siento', 'mal', 'por', 'los', 'agentes', 'del', 'call', 'center', 'de', 'cable', 'onda', 'que', 'tienen', 'que', 'lidiar', 'con', 'los', 'clientes', 'frustrados;', 'dar', 'la', ""cara\\xe2\\x80\\xa6'""]",153.0,0.0,2.0,8.0,14.0,0.0,2.0,-2.0
"b'rt @tycsports: ""ay amor\xe2\x80\x9d \xf0\x9f\xa4\xa3\xf0\x9f\xa4\xa3\xf0\x9f\xa4\xa3\n\nel pedido especial del burrito ortega en la apertura de @liberotyc. https://t.co/yxju9l6rkh'",[ 0  0  0  0  0  0  0  0  0  0  1 -1  0 -2  0  0],"[""b'rt"", '@tycsports:', '""ay', 'amor\\xe2\\x80\\x9d', '\\xf0\\x9f\\xa4\\xa3\\xf0\\x9f\\xa4\\xa3\\xf0\\x9f\\xa4\\xa3\\n\\nel', 'pedido', 'especial', 'del', 'burrito', 'ortega', 'en', 'la', 'apertura', 'de', '@liberotyc.', ""https://t.co/yxju9l6rkh'""]",182.0,0.0,2.0,2.0,6.0,2.0,0.0,-1.0
b'rt @sdbardayan: me siento mal por los agentes del call center de cable onda que tienen que lidiar con los clientes frustrados; dar la cara\xe2\x80\xa6',"[ 0  0  2  0 -1  0 -1  0  0  0  0 -2  0  0  0  0  0  0  0 -1  0  0  0 -1
  0]","[""b'rt"", '@sdbardayan:', 'me', 'siento', 'mal', 'por', 'los', 'agentes', 'del', 'call', 'center', 'de', 'cable', 'onda', 'que', 'tienen', 'que', 'lidiar', 'con', 'los', 'clientes', 'frustrados;', 'dar', 'la', ""cara\\xe2\\x80\\xa6'""]",153.0,0.0,2.0,8.0,14.0,0.0,2.0,-2.0
"b'rt @intialinnx: literal que a cada persona que conozco y me llevo medianamente bien la trato de \xe2\x80\x9camor\xe2\x80\x9d \xe2\x80\x9camorcito\xe2\x80\x9d \xe2\x80\x9cgordi\xe2\x80\x9d \xe2\x80\x9cbebe\xe2\x80\x9d, pero real\xe2\x80\xa6'",[ 0  0  0  0 -3  2  0  0  0  0  2  0  0  1 -1  0 -2  0  0  0  0  0  0],"[""b'rt"", '@intialinnx:', 'literal', 'que', 'a', 'cada', 'persona', 'que', 'conozco', 'y', 'me', 'llevo', 'medianamente', 'bien', 'la', 'trato', 'de', '\\xe2\\x80\\x9camor\\xe2\\x80\\x9d', '\\xe2\\x80\\x9camorcito\\xe2\\x80\\x9d', '\\xe2\\x80\\x9cgordi\\xe2\\x80\\x9d', '\\xe2\\x80\\x9cbebe\\xe2\\x80\\x9d,', 'pero', ""real\\xe2\\x80\\xa6'""]",242.0,2.0,2.0,2.0,10.0,2.0,4.0,2.0
b'rt @fabianayanguez: cha cable onda me cabrea',[ 0  0 -3  0  0  2  0],"[""b'rt"", '@fabianayanguez:', 'cha', 'cable', 'onda', 'me', ""cabrea'""]",47.0,2.0,0.0,0.0,6.0,0.0,2.0,-2.0
b'rt @elcosodelapizza: el amor es hacerse re\xc3\xadr',[ 0  0  2  2 -2  0  0],"[""b'rt"", '@elcosodelapizza:', 'el', 'amor', 'es', 'hacerse', ""re\\xc3\\xadr'""]",54.0,0.0,2.0,0.0,4.0,0.0,2.0,0.0
b'cha cable onda me cabrea',[0 0 0 2 0],"[""b'cha"", 'cable', 'onda', 'me', ""cabrea'""]",27.0,0.0,0.0,0.0,4.0,0.0,2.0,2.0
"b'rt @jonathangtz19: lunes 20 de julio: amado dios, en tus divinas manos pongo esta nueva semana que empieza. por favor bendice mi vida, mi h\xe2\x80\xa6'","[ 0  0  0  0 -2  0  0  0  1  0  0  0  0 -2  0  0  0  0  0  0  0 -3  0 -3
  0]","[""b'rt"", '@jonathangtz19:', 'lunes', '20', 'de', 'julio:', 'amado', 'dios,', 'en', 'tus', 'divinas', 'manos', 'pongo', 'esta', 'nueva', 'semana', 'que', 'empieza.', 'por', 'favor', 'bendice', 'mi', 'vida,', 'mi', ""h\\xe2\\x80\\xa6'""]",154.0,4.0,4.0,0.0,12.0,2.0,0.0,-2.0
b'rt @sdbardayan: me siento mal por los agentes del call center de cable onda que tienen que lidiar con los clientes frustrados; dar la cara\xe2\x80\xa6',"[ 0  0  2  0 -1  0 -1  0  0  0  0 -2  0  0  0  0  0  0  0 -1  0  0  0 -1
  0]","[""b'rt"", '@sdbardayan:', 'me', 'siento', 'mal', 'por', 'los', 'agentes', 'del', 'call', 'center', 'de', 'cable', 'onda', 'que', 'tienen', 'que', 'lidiar', 'con', 'los', 'clientes', 'frustrados;', 'dar', 'la', ""cara\\xe2\\x80\\xa6'""]",153.0,0.0,2.0,8.0,14.0,0.0,2.0,-1.0
"b'rt @7anpanman_ever: simple\nno creas, ni difundas toda informaci\xc3\xb3n que puede ser maliciosa solo porque esta escrita en coreano \n\nni para rep\xe2\x80\xa6'",[ 0  0  0  0  1  0  0  0  0  0  0  0  0  0 -2  0  1  0  0  0  0],"[""b'rt"", '@7anpanman_ever:', 'simple\\nno', 'creas,', 'ni', 'difundas', 'toda', 'informaci\\xc3\\xb3n', 'que', 'puede', 'ser', 'maliciosa', 'solo', 'porque', 'esta', 'escrita', 'en', 'coreano', '\\n\\nni', 'para', ""rep\\xe2\\x80\\xa6'""]",164.0,0.0,2.0,0.0,8.0,4.0,0.0,1.0
"b'rt @queenviv_: buenos d\xc3\xadas a todos, menos a cable onda que me dejo en feo y sin internet en medio de la presentaci\xc3\xb3n de mi entrega semestra\xe2\x80\xa6'","[ 0  0  1  0 -3  0  0 -3  0  0  0  2  0  1 -1  0  0  0  1  0 -2 -1  0 -2
 -3  0  0]","[""b'rt"", '@queenviv_:', 'buenos', 'd\\xc3\\xadas', 'a', 'todos,', 'menos', 'a', 'cable', 'onda', 'que', 'me', 'dejo', 'en', 'feo', 'y', 'sin', 'internet', 'en', 'medio', 'de', 'la', 'presentaci\\xc3\\xb3n', 'de', 'mi', 'entrega', ""semestra\\xe2\\x80\\xa6'""]",168.0,6.0,4.0,4.0,18.0,6.0,2.0,-2.0
b'rt @paola_ah24: unas 4 cirug\xc3\xadas por ah\xc3\xad y ya voy a tener amor propio \xf0\x9f\x98\x83',[ 0  0  0  0  0  0  0  0  0  0 -3  0  2  0  0],"[""b'rt"", '@paola_ah24:', 'unas', '4', 'cirug\\xc3\\xadas', 'por', 'ah\\xc3\\xad', 'y', 'ya', 'voy', 'a', 'tener', 'amor', 'propio', ""\\xf0\\x9f\\x98\\x83'""]",102.0,2.0,0.0,0.0,6.0,0.0,2.0,1.0
b'qu\xc3\xa9 onda el cable pac\xc3\xadfico no se ve ningun canal en la tele \xf0\x9f\x98\xa9',[ 0  0  2  0  0 -1  0 -3  0  0  1 -1  0  0],"[""b'qu\\xc3\\xa9"", 'onda', 'el', 'cable', 'pac\\xc3\\xadfico', 'no', 'se', 've', 'ningun', 'canal', 'en', 'la', 'tele', ""\\xf0\\x9f\\x98\\xa9'""]",93.0,2.0,0.0,4.0,10.0,2.0,2.0,-2.0
b'quise cultivar un amor y me he quedado soooolooooo',[0 0 0 2 0 2 2 0 0],"[""b'quise"", 'cultivar', 'un', 'amor', 'y', 'me', 'he', 'quedado', ""soooolooooo'""]",53.0,0.0,0.0,0.0,6.0,0.0,4.0,2.0
b'puede un profesor enojarse porque se te cayo el wifi ? man ni que fuera la due\xc3\xb1a de cable onda \xf0\x9f\x99\x82',[ 0  0  0  0  0  0 -2  0  2  0  0  2  1  0  0 -1  0 -2  0  0  0],"[""b'puede"", 'un', 'profesor', 'enojarse', 'porque', 'se', 'te', 'cayo', 'el', 'wifi', '?', 'man', 'ni', 'que', 'fuera', 'la', 'due\\xc3\\xb1a', 'de', 'cable', 'onda', ""\\xf0\\x9f\\x99\\x82'""]",121.0,0.0,4.0,2.0,12.0,2.0,4.0,2.0
b'\xc2\xbfy t\xc3\xba cuantas veces al d\xc3\xada act\xc3\xbaas desde el amor y no desde el miedo?',[ 0  0  0  0 -1  0  0  0  2  2  0 -1  0  2  0],"[""b'\\xc2\\xbfy"", 't\\xc3\\xba', 'cuantas', 'veces', 'al', 'd\\xc3\\xada', 'act\\xc3\\xbaas', 'desde', 'el', 'amor', 'y', 'no', 'desde', 'el', ""miedo?'""]",99.0,0.0,0.0,4.0,10.0,0.0,4.0,1.0
"b'prueba de fuego para cable onda hoy que la mayor\xc3\xada de las escuelas p\xc3\xbablicas, privadas y universidades est\xc3\xa1n dando clases virtuales.\xf0\x9f\x98\x82'",[ 0 -2  0  0  0  0  0  0 -1  0 -2 -1  0  0  0  0  0  0  0  0  0],"[""b'prueba"", 'de', 'fuego', 'para', 'cable', 'onda', 'hoy', 'que', 'la', 'mayor\\xc3\\xada', 'de', 'las', 'escuelas', 'p\\xc3\\xbablicas,', 'privadas', 'y', 'universidades', 'est\\xc3\\xa1n', 'dando', 'clases', ""virtuales.\\xf0\\x9f\\x98\\x82'""]",171.0,0.0,4.0,4.0,8.0,0.0,0.0,-2.0
"b'rt @literlandweb1: ""qu\xc3\xa9 f\xc3\xa1cil callar, ser serena y objetiva con los seres que no me interesan verdaderamente, a cuyo amor o amistad no aspi\xe2\x80\xa6'",[ 0  0  0  0  0  0  0  0  0  0 -1  0  0 -1  2  0  0 -3  0  2 -2  0 -1  0],"[""b'rt"", '@literlandweb1:', '""qu\\xc3\\xa9', 'f\\xc3\\xa1cil', 'callar,', 'ser', 'serena', 'y', 'objetiva', 'con', 'los', 'seres', 'que', 'no', 'me', 'interesan', 'verdaderamente,', 'a', 'cuyo', 'amor', 'o', 'amistad', 'no', ""aspi\\xe2\\x80\\xa6'""]",168.0,2.0,2.0,6.0,12.0,0.0,4.0,-2.0
b'rt @cableondanews: \xc2\xa1la mejor diversi\xc3\xb3n esta con los ugly y los shores! \xf0\x9f\x98\x8e\ndisfruta la mejor programaci\xc3\xb3n desde el app de cable onda go en tu\xe2\x80\xa6',"[ 0  0  0  2  0 -2  0 -1  0  0 -1  0  0 -1  2  0  0  2  0 -2  0  0  0  1
  0]","[""b'rt"", '@cableondanews:', '\\xc2\\xa1la', 'mejor', 'diversi\\xc3\\xb3n', 'esta', 'con', 'los', 'ugly', 'y', 'los', 'shores!', '\\xf0\\x9f\\x98\\x8e\\ndisfruta', 'la', 'mejor', 'programaci\\xc3\\xb3n', 'desde', 'el', 'app', 'de', 'cable', 'onda', 'go', 'en', ""tu\\xe2\\x80\\xa6'""]",191.0,0.0,4.0,6.0,18.0,2.0,6.0,2.0
b'rt @real_precious_m: mi amor \xf0\x9f\x8c\xb8\xf0\x9f\x98\x8d\xf0\x9f\xa7\xa1 https://t.co/douwjduzul',[ 0  0 -3  2  0  0],"[""b'rt"", '@real_precious_m:', 'mi', 'amor', '\\xf0\\x9f\\x8c\\xb8\\xf0\\x9f\\x98\\x8d\\xf0\\x9f\\xa7\\xa1', ""https://t.co/douwjduzul'""]",104.0,2.0,0.0,0.0,4.0,0.0,2.0,1.0
b'rt @mayelaabr: te odio cable onda',[ 0  0 -2 -2  0  0],"[""b'rt"", '@mayelaabr:', 'te', 'odio', 'cable', ""onda'""]",36.0,0.0,2.0,0.0,4.0,0.0,0.0,-2.0
"b'#thankyouliam por ser un amor de persona con las fans, y apoyarnos como un fan loco m\xc3\xa1s \nte amamos\xe2\x9d\xa4\xef\xb8\x8f\xe2\x9d\xa4\xef\xb8\x8f\xe2\x9d\xa4\xef\xb8\x8f\xe2\x9d\xa4\xef\xb8\x8f https://t.co/qmfavhvotu'",[ 0  0  0  0  2 -2  0  0 -1  0  0  0  0  0  0  0  0  0  0  0],"[""b'#thankyouliam"", 'por', 'ser', 'un', 'amor', 'de', 'persona', 'con', 'las', 'fans,', 'y', 'apoyarnos', 'como', 'un', 'fan', 'loco', 'm\\xc3\\xa1s', '\\nte', 'amamos\\xe2\\x9d\\xa4\\xef\\xb8\\x8f\\xe2\\x9d\\xa4\\xef\\xb8\\x8f\\xe2\\x9d\\xa4\\xef\\xb8\\x8f\\xe2\\x9d\\xa4\\xef\\xb8\\x8f', ""https://t.co/qmfavhvotu'""]",229.0,0.0,2.0,2.0,6.0,0.0,2.0,-2.0
"b'todos los que empiezan clases virtuales hoy, tengan mucha paciencia, porque si no los mata las sopotocientas tareas\xe2\x80\xa6 https://t.co/eylv7kbvay'",[ 0 -1  0  0  0  0  0  0  0  0  0 -2 -1 -1  0 -1  0  0  0],"[""b'todos"", 'los', 'que', 'empiezan', 'clases', 'virtuales', 'hoy,', 'tengan', 'mucha', 'paciencia,', 'porque', 'si', 'no', 'los', 'mata', 'las', 'sopotocientas', 'tareas\\xe2\\x80\\xa6', ""https://t.co/eylv7kbvay'""]",154.0,0.0,2.0,6.0,8.0,0.0,0.0,-2.0
b'rt @unafulanitaa: as\xc3\xad de caidas est\xc3\xa1n mis esperanzas de volver a creer en el amor. \xf0\x9f\x98\xa9\xf0\x9f\x91\x8c\xf0\x9f\x8f\xbb https://t.co/howx3xzusx',[ 0  0  0 -2  0  0  0  0 -2  0 -3  0  1  2  0  0  0],"[""b'rt"", '@unafulanitaa:', 'as\\xc3\\xad', 'de', 'caidas', 'est\\xc3\\xa1n', 'mis', 'esperanzas', 'de', 'volver', 'a', 'creer', 'en', 'el', 'amor.', '\\xf0\\x9f\\x98\\xa9\\xf0\\x9f\\x91\\x8c\\xf0\\x9f\\x8f\\xbb', ""https://t.co/howx3xzusx'""]",172.0,2.0,4.0,0.0,10.0,2.0,2.0,-2.0
b'rt @sdbardayan: me siento mal por los agentes del call center de cable onda que tienen que lidiar con los clientes frustrados; dar la cara\xe2\x80\xa6',"[ 0  0  2  0 -1  0 -1  0  0  0  0 -2  0  0  0  0  0  0  0 -1  0  0  0 -1
  0]","[""b'rt"", '@sdbardayan:', 'me', 'siento', 'mal', 'por', 'los', 'agentes', 'del', 'call', 'center', 'de', 'cable', 'onda', 'que', 'tienen', 'que', 'lidiar', 'con', 'los', 'clientes', 'frustrados;', 'dar', 'la', ""cara\\xe2\\x80\\xa6'""]",153.0,0.0,2.0,8.0,14.0,0.0,2.0,1.0
"b'rt @alilanzagorta: amiga, si tu pap\xc3\xa1 est\xc3\xa1 internado en el imss de orizaba por covid, en diciembre terminas tu carrera de criminolog\xc3\xada y te\xe2\x80\xa6'",[ 0  0  0 -2  0  0  0  0  1  2  0 -2  0  0  0  1  0  0  0  0 -2  0  0  0],"[""b'rt"", '@alilanzagorta:', 'amiga,', 'si', 'tu', 'pap\\xc3\\xa1', 'est\\xc3\\xa1', 'internado', 'en', 'el', 'imss', 'de', 'orizaba', 'por', 'covid,', 'en', 'diciembre', 'terminas', 'tu', 'carrera', 'de', 'criminolog\\xc3\\xada', 'y', ""te\\xe2\\x80\\xa6'""]",174.0,0.0,6.0,0.0,12.0,4.0,2.0,0.0
b'@hernanjua \xc3\x89so es correcto \nlo malo son las compa\xc3\xb1\xc3\xadas hoy verificando la factura de cable onda me lleg\xc3\xb3 con un aume\xe2\x80\xa6 https://t.co/awggekw3xf',[ 0  0 -2  0  0 -1  0 -1  0  0  0 -1  0 -2  0  0  2  0  0  0  0  0],"[""b'@hernanjua"", '\\xc3\\x89so', 'es', 'correcto', '\\nlo', 'malo', 'son', 'las', 'compa\\xc3\\xb1\\xc3\\xadas', 'hoy', 'verificando', 'la', 'factura', 'de', 'cable', 'onda', 'me', 'lleg\\xc3\\xb3', 'con', 'un', 'aume\\xe2\\x80\\xa6', ""https://t.co/awggekw3xf'""]",183.0,0.0,4.0,6.0,14.0,0.0,2.0,-2.0
b'rt @indirectasrock: amor es que te dejen calentarte las patitas fr\xc3\xadas entre sus piernas.',[ 0  0  2 -2  0 -2  0  0 -1  0  0  0  0  0],"[""b'rt"", '@indirectasrock:', 'amor', 'es', 'que', 'te', 'dejen', 'calentarte', 'las', 'patitas', 'fr\\xc3\\xadas', 'entre', 'sus', ""piernas.'""]",98.0,0.0,4.0,2.0,8.0,0.0,2.0,-2.0
b'rt @thejusticeman19: 1er d\xc3\xada de clase y ya cable onda esta dando problema!! hasta cuando @aseppanama',[ 0  0  0  0 -2  0  0  0  0  0 -2  0  0  0  0  0],"[""b'rt"", '@thejusticeman19:', '1er', 'd\\xc3\\xada', 'de', 'clase', 'y', 'ya', 'cable', 'onda', 'esta', 'dando', 'problema!!', 'hasta', 'cuando', ""@aseppanama'""]",110.0,0.0,4.0,0.0,6.0,0.0,0.0,-2.0
b'@telepresencia1 @anyarato @ledoleon @jc_parrard @luisluperdomo @ney65940530 @juanlozano_r @cumbieropanama @fruizo\xe2\x80\xa6 https://t.co/smdzdgkler',[0 0 0 0 0 0 0 0 0 0],"[""b'@telepresencia1"", '@anyarato', '@ledoleon', '@jc_parrard', '@luisluperdomo', '@ney65940530', '@juanlozano_r', '@cumbieropanama', '@fruizo\\xe2\\x80\\xa6', ""https://t.co/smdzdgkler'""]",152.0,0.0,0.0,0.0,2.0,0.0,0.0,0.0
"b'@juanca_menrod @soto_enis @teamcableonda con cable onda ten\xc3\xada 100 megas y me llegaban como 10 y siempre se ca\xc3\xada, ah\xe2\x80\xa6 https://t.co/2jt3ntwynv'",[0 0 0 0 0 0 0 0 0 0 2 0 0 0 0 0 0 0 0 0],"[""b'@juanca_menrod"", '@soto_enis', '@teamcableonda', 'con', 'cable', 'onda', 'ten\\xc3\\xada', '100', 'megas', 'y', 'me', 'llegaban', 'como', '10', 'y', 'siempre', 'se', 'ca\\xc3\\xada,', 'ah\\xe2\\x80\\xa6', ""https://t.co/2jt3ntwynv'""]",168.0,0.0,0.0,0.0,4.0,0.0,2.0,2.0
b'rt @rguezzale: encontrar amor y amistad en la misma persona es ganar en la vida.',[ 0  0  0  2  0  0  1 -1  0  0 -2  0  1 -1  0],"[""b'rt"", '@rguezzale:', 'encontrar', 'amor', 'y', 'amistad', 'en', 'la', 'misma', 'persona', 'es', 'ganar', 'en', 'la', ""vida.'""]",83.0,0.0,2.0,4.0,10.0,4.0,2.0,2.0
b'@jostindiazjd depende si el servicio es de cable onda haha',[ 0  0 -2  2  0 -2 -2  0  0  0],"[""b'@jostindiazjd"", 'depende', 'si', 'el', 'servicio', 'es', 'de', 'cable', 'onda', ""haha'""]",61.0,0.0,4.0,0.0,6.0,0.0,2.0,-1.0
b'rt @predondas: amor y amistad seg\xc3\xban jorge luis borges. https://t.co/pdc3dxaowm',[0 0 2 0 0 0 0 0 0 0],"[""b'rt"", '@predondas:', 'amor', 'y', 'amistad', 'seg\\xc3\\xban', 'jorge', 'luis', 'borges.', ""https://t.co/pdc3dxaowm'""]",88.0,0.0,0.0,0.0,4.0,0.0,2.0,1.0
b'cable onda no sirve',[ 0  0 -1  0],"[""b'cable"", 'onda', 'no', ""sirve'""]",22.0,0.0,0.0,2.0,4.0,0.0,0.0,-1.0
"b'rt @cityoran: un d\xc3\xada una amiga me estaba contando su historia de amor que nunca funcion\xc3\xb3, la escuche y lo dijo con tanto sentimiento que me\xe2\x80\xa6'","[ 0  0  0  0  0  0  2  0  0  0  0 -2  2  0  0  0 -1  0  0 -1  0  0  0  0
  0  0]","[""b'rt"", '@cityoran:', 'un', 'd\\xc3\\xada', 'una', 'amiga', 'me', 'estaba', 'contando', 'su', 'historia', 'de', 'amor', 'que', 'nunca', 'funcion\\xc3\\xb3,', 'la', 'escuche', 'y', 'lo', 'dijo', 'con', 'tanto', 'sentimiento', 'que', ""me\\xe2\\x80\\xa6'""]",168.0,0.0,2.0,4.0,10.0,0.0,4.0,0.0
b'@juanca_menrod @soto_enis @teamcableonda yo ten\xc3\xada cable onda y me cambie hace 2 a\xc3\xb1os  por el malisimo internet que\xe2\x80\xa6 https://t.co/l0mthfpcwm',[0 0 0 0 0 0 0 0 2 0 0 0 0 0 2 0 0 0 0],"[""b'@juanca_menrod"", '@soto_enis', '@teamcableonda', 'yo', 'ten\\xc3\\xada', 'cable', 'onda', 'y', 'me', 'cambie', 'hace', '2', 'a\\xc3\\xb1os', 'por', 'el', 'malisimo', 'internet', 'que\\xe2\\x80\\xa6', ""https://t.co/l0mthfpcwm'""]",167.0,0.0,0.0,0.0,6.0,0.0,4.0,2.0
b'rt @dparleymexico: el de hoy para manejo de bank\n\nechenle amor y cari\xc3\xb1o para que ganemos todos \n\n\xe2\x9d\xa4 y rt https://t.co/yh0kt4t41m',[ 0  0  2 -2  0  0  0 -2  0  2  0  0  0  0  0  0  0  0 -2  0],"[""b'rt"", '@dparleymexico:', 'el', 'de', 'hoy', 'para', 'manejo', 'de', 'bank\\n\\nechenle', 'amor', 'y', 'cari\\xc3\\xb1o', 'para', 'que', 'ganemos', 'todos', '\\n\\n\\xe2\\x9d\\xa4', 'y', 'rt', ""https://t.co/yh0kt4t41m'""]",152.0,0.0,6.0,0.0,10.0,0.0,4.0,-2.0
b'rt @mayelaabr: te odio cable onda',[ 0  0 -2 -2  0  0],"[""b'rt"", '@mayelaabr:', 'te', 'odio', 'cable', ""onda'""]",36.0,0.0,2.0,0.0,4.0,0.0,0.0,-2.0
b'rt @angelpavon9: la mara que cree que los \xe2\x80\x9cjajajajaja te amo\xe2\x80\x9d son una declaraci\xc3\xb3n de amor son clowns',[ 0  0 -1  0  0  0  0 -1  0 -2  0  0  0  0 -2  2  0  0],"[""b'rt"", '@angelpavon9:', 'la', 'mara', 'que', 'cree', 'que', 'los', '\\xe2\\x80\\x9cjajajajaja', 'te', 'amo\\xe2\\x80\\x9d', 'son', 'una', 'declaraci\\xc3\\xb3n', 'de', 'amor', 'son', ""clowns'""]",132.0,0.0,4.0,4.0,10.0,0.0,2.0,-2.0
b'te odio cable onda',[ 0 -2  0  0],"[""b'te"", 'odio', 'cable', ""onda'""]",21.0,0.0,2.0,0.0,4.0,0.0,0.0,-2.0
"b'@_heygolden_ sabes qu\xc3\xa9? te puedes seguir riendo de eiounor por que mientras tu te r\xc3\xades, el y iou est\xc3\xa1n haciendo el\xe2\x80\xa6 https://t.co/kne2ufujgn'",[ 0  0  0 -2  0  0  0 -2  0  0  0  0  0 -2  0  2  0  0  0  0  0  0],"[""b'@_heygolden_"", 'sabes', 'qu\\xc3\\xa9?', 'te', 'puedes', 'seguir', 'riendo', 'de', 'eiounor', 'por', 'que', 'mientras', 'tu', 'te', 'r\\xc3\\xades,', 'el', 'y', 'iou', 'est\\xc3\\xa1n', 'haciendo', 'el\\xe2\\x80\\xa6', ""https://t.co/kne2ufujgn'""]",174.0,0.0,6.0,0.0,10.0,0.0,2.0,-2.0
b'rt @black_memes507: profe: \xc2\xbfpor qu\xc3\xa9 sali\xc3\xb3 de clase virtual?\nyo: soy cable onda\nprofe: https://t.co/oiia2jin07',[ 0  0  0  0  0  0 -2  0  0  0  0  0  0],"[""b'rt"", '@black_memes507:', 'profe:', '\\xc2\\xbfpor', 'qu\\xc3\\xa9', 'sali\\xc3\\xb3', 'de', 'clase', 'virtual?\\nyo:', 'soy', 'cable', 'onda\\nprofe:', ""https://t.co/oiia2jin07'""]",135.0,0.0,2.0,0.0,4.0,0.0,0.0,-2.0
b'que vuelva la mafia del amor por favor',[ 0  0 -1  0  0  2  0  0],"[""b'que"", 'vuelva', 'la', 'mafia', 'del', 'amor', 'por', ""favor'""]",41.0,0.0,0.0,2.0,6.0,0.0,2.0,1.0
b'rt @thejusticeman19: 1er d\xc3\xada de clase y ya cable onda esta dando problema!! hasta cuando @aseppanama',[ 0  0  0  0 -2  0  0  0  0  0 -2  0  0  0  0  0],"[""b'rt"", '@thejusticeman19:', '1er', 'd\\xc3\\xada', 'de', 'clase', 'y', 'ya', 'cable', 'onda', 'esta', 'dando', 'problema!!', 'hasta', 'cuando', ""@aseppanama'""]",110.0,0.0,4.0,0.0,6.0,0.0,0.0,-2.0
b'@glistengrace gracias amor\xe2\x9d\xa4',[0 0 0],"[""b'@glistengrace"", 'gracias', ""amor\\xe2\\x9d\\xa4'""]",41.0,0.0,0.0,0.0,2.0,0.0,0.0,0.0
b'rt @sdbardayan: me siento mal por los agentes del call center de cable onda que tienen que lidiar con los clientes frustrados; dar la cara\xe2\x80\xa6',"[ 0  0  2  0 -1  0 -1  0  0  0  0 -2  0  0  0  0  0  0  0 -1  0  0  0 -1
  0]","[""b'rt"", '@sdbardayan:', 'me', 'siento', 'mal', 'por', 'los', 'agentes', 'del', 'call', 'center', 'de', 'cable', 'onda', 'que', 'tienen', 'que', 'lidiar', 'con', 'los', 'clientes', 'frustrados;', 'dar', 'la', ""cara\\xe2\\x80\\xa6'""]",153.0,0.0,2.0,8.0,14.0,0.0,2.0,-2.0
"b'en viaje hacia la redenci\xc3\xb3n, la luz no deja de pulsar\ncreo en el amor porque nunca estoy satisfecho https://t.co/vufrko5g1k'",[ 0  0  0 -1  0 -1  0 -1  0 -2  0  1  2  2  0  0  0  0  0],"[""b'en"", 'viaje', 'hacia', 'la', 'redenci\\xc3\\xb3n,', 'la', 'luz', 'no', 'deja', 'de', 'pulsar\\ncreo', 'en', 'el', 'amor', 'porque', 'nunca', 'estoy', 'satisfecho', ""https://t.co/vufrko5g1k'""]",134.0,0.0,2.0,6.0,12.0,2.0,2.0,-1.0
b'rt @alguien_mas77: @enriquegomezdu1 @rpc_radio @medcommedios @meducapma el mismo due\xc3\xb1o de cable onda!!!',[ 0  0  0  0  0  0  2  0  0 -2  0  0],"[""b'rt"", '@alguien_mas77:', '@enriquegomezdu1', '@rpc_radio', '@medcommedios', '@meducapma', 'el', 'mismo', 'due\\xc3\\xb1o', 'de', 'cable', ""onda!!!'""]",113.0,0.0,2.0,0.0,6.0,0.0,2.0,0.0
b'buenos d\xc3\xadas solo al amor de mi vida https://t.co/c8yos4m5bb',[ 0  0  0 -1  2 -2 -3  0  0],"[""b'buenos"", 'd\\xc3\\xadas', 'solo', 'al', 'amor', 'de', 'mi', 'vida', ""https://t.co/c8yos4m5bb'""]",69.0,2.0,2.0,2.0,4.0,0.0,2.0,-2.0
b'cable onda dlv s\xc3\xa1came en cualquier clase menos en f\xc3\xadsica \xf0\x9f\x98\xa1\xf0\x9f\x98\xa1',[0 0 0 0 1 0 0 0 1 0 0],"[""b'cable"", 'onda', 'dlv', 's\\xc3\\xa1came', 'en', 'cualquier', 'clase', 'menos', 'en', 'f\\xc3\\xadsica', ""\\xf0\\x9f\\x98\\xa1\\xf0\\x9f\\x98\\xa1'""]",106.0,0.0,0.0,0.0,6.0,4.0,0.0,1.0
b'@ruggecolgado jajajajaja lo que hace el amor boe',[ 0  0 -1  0  0  2  2  0],"[""b'@ruggecolgado"", 'jajajajaja', 'lo', 'que', 'hace', 'el', 'amor', ""boe'""]",51.0,0.0,0.0,2.0,6.0,0.0,2.0,1.0
b'@enriquegomezdu1 @rpc_radio @medcommedios @meducapma el mismo due\xc3\xb1o de cable onda!!!',[ 0  0  0  0  2  0  0 -2  0  0],"[""b'@enriquegomezdu1"", '@rpc_radio', '@medcommedios', '@meducapma', 'el', 'mismo', 'due\\xc3\\xb1o', 'de', 'cable', ""onda!!!'""]",94.0,0.0,2.0,0.0,6.0,0.0,2.0,0.0
"b'que tus palabras acompa\xc3\xb1en a tus actos si no callate, yo por eso no me cay\xc3\xb3, pero si soy manipulador no voy y te se\xe2\x80\xa6 https://t.co/ec3xzvvqgy'","[ 0  0  0  0 -3  0  0 -2 -1  0  0  0  0 -1  2  0  0 -2  0  0 -1  0  0 -2
  0  0]","[""b'que"", 'tus', 'palabras', 'acompa\\xc3\\xb1en', 'a', 'tus', 'actos', 'si', 'no', 'callate,', 'yo', 'por', 'eso', 'no', 'me', 'cay\\xc3\\xb3,', 'pero', 'si', 'soy', 'manipulador', 'no', 'voy', 'y', 'te', 'se\\xe2\\x80\\xa6', ""https://t.co/ec3xzvvqgy'""]",168.0,2.0,6.0,6.0,14.0,0.0,2.0,-2.0
b'rt @sdbardayan: me siento mal por los agentes del call center de cable onda que tienen que lidiar con los clientes frustrados; dar la cara\xe2\x80\xa6',"[ 0  0  2  0 -1  0 -1  0  0  0  0 -2  0  0  0  0  0  0  0 -1  0  0  0 -1
  0]","[""b'rt"", '@sdbardayan:', 'me', 'siento', 'mal', 'por', 'los', 'agentes', 'del', 'call', 'center', 'de', 'cable', 'onda', 'que', 'tienen', 'que', 'lidiar', 'con', 'los', 'clientes', 'frustrados;', 'dar', 'la', ""cara\\xe2\\x80\\xa6'""]",153.0,0.0,2.0,8.0,14.0,0.0,2.0,-2.0
b'@luviecheol le puedes dar rt a mi amor por ti? quiero que lo sepa todo el mundo\xf0\x9f\xa5\xba\xf0\x9f\xa5\xba\xf0\x9f\xa5\xba\xf0\x9f\xa5\xba\xf0\x9f\xa5\xba\xf0\x9f\xa5\xba',[ 0 -2  0  0 -2 -3 -3  2  0  0  0  0 -1  0  0  2  0],"[""b'@luviecheol"", 'le', 'puedes', 'dar', 'rt', 'a', 'mi', 'amor', 'por', 'ti?', 'quiero', 'que', 'lo', 'sepa', 'todo', 'el', ""mundo\\xf0\\x9f\\xa5\\xba\\xf0\\x9f\\xa5\\xba\\xf0\\x9f\\xa5\\xba\\xf0\\x9f\\xa5\\xba\\xf0\\x9f\\xa5\\xba\\xf0\\x9f\\xa5\\xba'""]",178.0,2.0,4.0,2.0,10.0,0.0,4.0,-2.0
b'fkn cable onda se cuequea en plena explicaci\xc3\xb3n de qu\xc3\xadmica\xf0\x9f\x98\x83',[ 0  0  0  0  0  1  0  0 -2  0],"[""b'fkn"", 'cable', 'onda', 'se', 'cuequea', 'en', 'plena', 'explicaci\\xc3\\xb3n', 'de', ""qu\\xc3\\xadmica\\xf0\\x9f\\x98\\x83'""]",90.0,0.0,2.0,0.0,6.0,2.0,0.0,-1.0
b'rt @bebotril: ojo con decirme amor porque me engancho',[0 0 0 0 0 2 0 2 0],"[""b'rt"", '@bebotril:', 'ojo', 'con', 'decirme', 'amor', 'porque', 'me', ""engancho'""]",56.0,0.0,0.0,0.0,6.0,0.0,4.0,2.0
b'rt @sdbardayan: me siento mal por los agentes del call center de cable onda que tienen que lidiar con los clientes frustrados; dar la cara\xe2\x80\xa6',"[ 0  0  2  0 -1  0 -1  0  0  0  0 -2  0  0  0  0  0  0  0 -1  0  0  0 -1
  0]","[""b'rt"", '@sdbardayan:', 'me', 'siento', 'mal', 'por', 'los', 'agentes', 'del', 'call', 'center', 'de', 'cable', 'onda', 'que', 'tienen', 'que', 'lidiar', 'con', 'los', 'clientes', 'frustrados;', 'dar', 'la', ""cara\\xe2\\x80\\xa6'""]",153.0,0.0,2.0,8.0,14.0,0.0,2.0,-2.0
"b'rt @0vejer0: se necesita mucho amor, para que te rompan; y trates de entenderlo...'",[ 0  0  0  0  0  0  0  0 -2  0  0  0 -2  0],"[""b'rt"", '@0vejer0:', 'se', 'necesita', 'mucho', 'amor,', 'para', 'que', 'te', 'rompan;', 'y', 'trates', 'de', ""entenderlo...'""]",85.0,0.0,4.0,0.0,6.0,0.0,0.0,-2.0
b'rt @thejusticeman19: 1er d\xc3\xada de clase y ya cable onda esta dando problema!! hasta cuando @aseppanama',[ 0  0  0  0 -2  0  0  0  0  0 -2  0  0  0  0  0],"[""b'rt"", '@thejusticeman19:', '1er', 'd\\xc3\\xada', 'de', 'clase', 'y', 'ya', 'cable', 'onda', 'esta', 'dando', 'problema!!', 'hasta', 'cuando', ""@aseppanama'""]",110.0,0.0,4.0,0.0,6.0,0.0,0.0,-2.0
"b'""la gracia del se\xc3\xb1or jesucristo, el amor de dios, y la comuni\xc3\xb3n del esp\xc3\xadritu santo sean con todos nosotros. am\xc3\xa9n"".\xe2\x80\xa6 https://t.co/y5w00x1yc4'",[ 0  0  0  0  0  2  2 -2  0  0 -1  0  0  0  0  0  0  0  0  0  0],"['b\'""la', 'gracia', 'del', 'se\\xc3\\xb1or', 'jesucristo,', 'el', 'amor', 'de', 'dios,', 'y', 'la', 'comuni\\xc3\\xb3n', 'del', 'esp\\xc3\\xadritu', 'santo', 'sean', 'con', 'todos', 'nosotros.', 'am\\xc3\\xa9n"".\\xe2\\x80\\xa6', ""https://t.co/y5w00x1yc4'""]",181.0,0.0,2.0,2.0,6.0,0.0,2.0,1.0
b'@elsiglodigital @nitocortizo @aseppanama @meducapma veamos el ejemplo de colombia y cuba el gobierno de esos pa\xc3\xadses\xe2\x80\xa6 https://t.co/dwbwgwx2qv',[ 0  0  0  0  0  2  0 -2  0  0  0  2  0 -2  0  0  0],"[""b'@elsiglodigital"", '@nitocortizo', '@aseppanama', '@meducapma', 'veamos', 'el', 'ejemplo', 'de', 'colombia', 'y', 'cuba', 'el', 'gobierno', 'de', 'esos', 'pa\\xc3\\xadses\\xe2\\x80\\xa6', ""https://t.co/dwbwgwx2qv'""]",161.0,0.0,4.0,0.0,10.0,0.0,4.0,0.0
"b'rt @mariapinzn15: @lelebtslove @bts_twt bts es un grupo con canciones que brindan un mensaje de amor y crecimiento personal, es una banda c\xe2\x80\xa6'",[ 0  0  0  0  0 -2  0  0  0  0  0  0  0  0 -2  2  0  0  0 -2  0  0  0],"[""b'rt"", '@mariapinzn15:', '@lelebtslove', '@bts_twt', 'bts', 'es', 'un', 'grupo', 'con', 'canciones', 'que', 'brindan', 'un', 'mensaje', 'de', 'amor', 'y', 'crecimiento', 'personal,', 'es', 'una', 'banda', ""c\\xe2\\x80\\xa6'""]",154.0,0.0,6.0,0.0,8.0,0.0,2.0,-2.0
b'rt @black_memes507: profe: \xc2\xbfpor qu\xc3\xa9 sali\xc3\xb3 de clase virtual?\nyo: soy cable onda\nprofe: https://t.co/oiia2jin07',[ 0  0  0  0  0  0 -2  0  0  0  0  0  0],"[""b'rt"", '@black_memes507:', 'profe:', '\\xc2\\xbfpor', 'qu\\xc3\\xa9', 'sali\\xc3\\xb3', 'de', 'clase', 'virtual?\\nyo:', 'soy', 'cable', 'onda\\nprofe:', ""https://t.co/oiia2jin07'""]",135.0,0.0,2.0,0.0,4.0,0.0,0.0,-2.0
b'@dardogasparre una prueba de amor a la novia virgen.',[ 0  0  0 -2  2 -3 -1  0  0],"[""b'@dardogasparre"", 'una', 'prueba', 'de', 'amor', 'a', 'la', 'novia', ""virgen.'""]",55.0,2.0,2.0,2.0,4.0,0.0,2.0,-2.0
b'tengo un mont\xc3\xb3n de cosas por entregar y cable onda no coopera.\xf0\x9f\x98\xa1\xf0\x9f\x98\xa1\xf0\x9f\x98\xa1\xf0\x9f\x98\xa1',[ 0  0  0 -2  0  0  0  0  0  0 -1  0],"[""b'tengo"", 'un', 'mont\\xc3\\xb3n', 'de', 'cosas', 'por', 'entregar', 'y', 'cable', 'onda', 'no', ""coopera.\\xf0\\x9f\\x98\\xa1\\xf0\\x9f\\x98\\xa1\\xf0\\x9f\\x98\\xa1\\xf0\\x9f\\x98\\xa1'""]",136.0,0.0,2.0,2.0,6.0,0.0,0.0,-2.0
b'rt @ivannoble: la amistad tiene una gran ventaja sobre el amor: jam\xc3\xa1s pregunta a qu\xc3\xa9 hora llegaste anoche.',[ 0  0 -1  0  0  0  0  0  0  2  0  0  0 -3  0  0  0  0],"[""b'rt"", '@ivannoble:', 'la', 'amistad', 'tiene', 'una', 'gran', 'ventaja', 'sobre', 'el', 'amor:', 'jam\\xc3\\xa1s', 'pregunta', 'a', 'qu\\xc3\\xa9', 'hora', 'llegaste', ""anoche.'""]",123.0,2.0,0.0,2.0,8.0,0.0,2.0,1.0
"b'yo no s\xc3\xa9 ahora que me va a matar a mi si la u o las clases de mi hermanito, \xc3\xb3sea no saben lo dif\xc3\xadcil que es  con ni\xe2\x80\xa6 https://t.co/3db1wynucv'","[ 0 -1  0  0  0  2  0 -3  0 -3 -3 -2 -1 -3 -2 -1  0 -2 -3  0  0 -1  0 -1
  0  0 -2  0  0  0]","[""b'yo"", 'no', 's\\xc3\\xa9', 'ahora', 'que', 'me', 'va', 'a', 'matar', 'a', 'mi', 'si', 'la', 'u', 'o', 'las', 'clases', 'de', 'mi', 'hermanito,', '\\xc3\\xb3sea', 'no', 'saben', 'lo', 'dif\\xc3\\xadcil', 'que', 'es', 'con', 'ni\\xe2\\x80\\xa6', ""https://t.co/3db1wynucv'""]",175.0,8.0,8.0,10.0,18.0,0.0,2.0,-2.0
"b'rt @sergiorochoa: no es algo wow pero siempre quise hacer esto con el amor de mi vida, y hoy lo hice conmigo mismo ( mi soledad, mi m\xc3\xbasica\xe2\x80\xa6'","[ 0  0 -1 -2  0  0  0  0  0  0 -2  0  2  2 -2 -3  0  0  0 -1  0  0  0  0
 -3  0 -3  0]","[""b'rt"", '@sergiorochoa:', 'no', 'es', 'algo', 'wow', 'pero', 'siempre', 'quise', 'hacer', 'esto', 'con', 'el', 'amor', 'de', 'mi', 'vida,', 'y', 'hoy', 'lo', 'hice', 'conmigo', 'mismo', '(', 'mi', 'soledad,', 'mi', ""m\\xc3\\xbasica\\xe2\\x80\\xa6'""]",160.0,6.0,6.0,4.0,14.0,0.0,2.0,-2.0
b'@cablefibertel #cablevision #fibertel otra vez??? arrancamos la semana as\xc3\xad? con el cable e internet cortados? qu\xc3\xa9 o\xe2\x80\xa6 https://t.co/w2jmw0gvfj',[ 0  0  0  0  0  0 -1  0  0  0  2  0 -3  0  0  0  0  0],"[""b'@cablefibertel"", '#cablevision', '#fibertel', 'otra', 'vez???', 'arrancamos', 'la', 'semana', 'as\\xc3\\xad?', 'con', 'el', 'cable', 'e', 'internet', 'cortados?', 'qu\\xc3\\xa9', 'o\\xe2\\x80\\xa6', ""https://t.co/w2jmw0gvfj'""]",168.0,2.0,0.0,2.0,8.0,0.0,2.0,-2.0
b'rt @andrealtahonam: a esta edad sufrimos m\xc3\xa1s por plata que por amor. confirmo.',[ 0  0 -3 -2  0  0  0  0  0  0  0  0  0],"[""b'rt"", '@andrealtahonam:', 'a', 'esta', 'edad', 'sufrimos', 'm\\xc3\\xa1s', 'por', 'plata', 'que', 'por', 'amor.', ""confirmo.'""]",88.0,2.0,2.0,0.0,4.0,0.0,0.0,-2.0
"b'buenos d\xc3\xadas a todos, menos a cable onda que me dejo en feo y sin internet en medio de la presentaci\xc3\xb3n de mi entrega\xe2\x80\xa6 https://t.co/hgsudtldnt'","[ 0  0 -3  0  0 -3  0  0  0  2  0  1 -1  0  0  0  1  0 -2 -1  0 -2 -3  0
  0]","[""b'buenos"", 'd\\xc3\\xadas', 'a', 'todos,', 'menos', 'a', 'cable', 'onda', 'que', 'me', 'dejo', 'en', 'feo', 'y', 'sin', 'internet', 'en', 'medio', 'de', 'la', 'presentaci\\xc3\\xb3n', 'de', 'mi', 'entrega\\xe2\\x80\\xa6', ""https://t.co/hgsudtldnt'""]",168.0,6.0,4.0,4.0,16.0,4.0,2.0,-2.0
"b'@xmoonlightb0y sabes qu\xc3\xa9? te puedes seguir riendo de eiounor por que mientras tu te r\xc3\xades, el y iou est\xc3\xa1n haciendo e\xe2\x80\xa6 https://t.co/w0axfv5y64'",[ 0  0  0 -2  0  0  0 -2  0  0  0  0  0 -2  0  2  0  0  0  0  0  0],"[""b'@xmoonlightb0y"", 'sabes', 'qu\\xc3\\xa9?', 'te', 'puedes', 'seguir', 'riendo', 'de', 'eiounor', 'por', 'que', 'mientras', 'tu', 'te', 'r\\xc3\\xades,', 'el', 'y', 'iou', 'est\\xc3\\xa1n', 'haciendo', 'e\\xe2\\x80\\xa6', ""https://t.co/w0axfv5y64'""]",175.0,0.0,6.0,0.0,10.0,0.0,2.0,-2.0
b'rt @thejusticeman19: 1er d\xc3\xada de clase y ya cable onda esta dando problema!! hasta cuando @aseppanama',[ 0  0  0  0 -2  0  0  0  0  0 -2  0  0  0  0  0],"[""b'rt"", '@thejusticeman19:', '1er', 'd\\xc3\\xada', 'de', 'clase', 'y', 'ya', 'cable', 'onda', 'esta', 'dando', 'problema!!', 'hasta', 'cuando', ""@aseppanama'""]",110.0,0.0,4.0,0.0,6.0,0.0,0.0,-2.0
b'rt @infopresidencia: #20dejulio | esta es una fecha que nos llena de orgullo. hoy las banderas se mueven al ritmo del himno nacional y del\xe2\x80\xa6',"[ 0  0  0  0 -2 -2  0  0  0  1  0 -2  0  0 -1  0  0  0 -1  0  0  0  0  0
  0]","[""b'rt"", '@infopresidencia:', '#20dejulio', '|', 'esta', 'es', 'una', 'fecha', 'que', 'nos', 'llena', 'de', 'orgullo.', 'hoy', 'las', 'banderas', 'se', 'mueven', 'al', 'ritmo', 'del', 'himno', 'nacional', 'y', ""del\\xe2\\x80\\xa6'""]",153.0,0.0,4.0,4.0,12.0,2.0,0.0,-2.0
b'1er d\xc3\xada de clase y ya cable onda esta dando problema!! hasta cuando @aseppanama',[ 0  0 -2  0  0  0  0  0 -2  0  0  0  0  0],"[""b'1er"", 'd\\xc3\\xada', 'de', 'clase', 'y', 'ya', 'cable', 'onda', 'esta', 'dando', 'problema!!', 'hasta', 'cuando', ""@aseppanama'""]",89.0,0.0,4.0,0.0,6.0,0.0,0.0,-2.0
"b'rt @kingsbts7: \xe2\x80\x9cmoon se ha disparado incre\xc3\xadblemente en los charts y directo a los corazones de army, la canci\xc3\xb3n atraviesa el mundo de las m\xe2\x80\xa6'","[ 0  0  0  0 -3  0  0  1 -1  0  0  0 -3 -1  0 -2  0 -1  0  0  2  0 -2 -1
  0]","[""b'rt"", '@kingsbts7:', '\\xe2\\x80\\x9cmoon', 'se', 'ha', 'disparado', 'incre\\xc3\\xadblemente', 'en', 'los', 'charts', 'y', 'directo', 'a', 'los', 'corazones', 'de', 'army,', 'la', 'canci\\xc3\\xb3n', 'atraviesa', 'el', 'mundo', 'de', 'las', ""m\\xe2\\x80\\xa6'""]",179.0,4.0,4.0,8.0,16.0,2.0,2.0,-2.0
b'rt @sdbardayan: me siento mal por los agentes del call center de cable onda que tienen que lidiar con los clientes frustrados; dar la cara\xe2\x80\xa6',"[ 0  0  2  0 -1  0 -1  0  0  0  0 -2  0  0  0  0  0  0  0 -1  0  0  0 -1
  0]","[""b'rt"", '@sdbardayan:', 'me', 'siento', 'mal', 'por', 'los', 'agentes', 'del', 'call', 'center', 'de', 'cable', 'onda', 'que', 'tienen', 'que', 'lidiar', 'con', 'los', 'clientes', 'frustrados;', 'dar', 'la', ""cara\\xe2\\x80\\xa6'""]",153.0,0.0,2.0,8.0,14.0,0.0,2.0,-2.0
b'te amo y te prometo que nada ni nadie va a separarnos y que pase lo que pase mi amor por ti nunca cambiar\xc3\xa1. te amo\xe2\x80\xa6 https://t.co/05g2qhkz8z',"[ 0  2  0 -2  0  0  0  1  0  0 -3  0  0  0  0 -1  0  0 -3  2  0 -1  0  0
 -2  0  0]","[""b'te"", 'amo', 'y', 'te', 'prometo', 'que', 'nada', 'ni', 'nadie', 'va', 'a', 'separarnos', 'y', 'que', 'pase', 'lo', 'que', 'pase', 'mi', 'amor', 'por', 'ti', 'nunca', 'cambiar\\xc3\\xa1.', 'te', 'amo\\xe2\\x80\\xa6', ""https://t.co/05g2qhkz8z'""]",160.0,4.0,4.0,4.0,18.0,2.0,4.0,1.0
"b'en el d\xc3\xada del amigo, regal\xc3\xa1 buena onda!\n.\n+ humidificador: dise\xc3\xb1o compacto y decorativo. capacidad de 50ml. vaporiz\xe2\x80\xa6 https://t.co/230zg2k2cc'",[ 0  2  0  0  0  0  1  0  0  0  0  0  0  0 -2  0  0  0],"[""b'en"", 'el', 'd\\xc3\\xada', 'del', 'amigo,', 'regal\\xc3\\xa1', 'buena', 'onda!\\n.\\n+', 'humidificador:', 'dise\\xc3\\xb1o', 'compacto', 'y', 'decorativo.', 'capacidad', 'de', '50ml.', 'vaporiz\\xe2\\x80\\xa6', ""https://t.co/230zg2k2cc'""]",177.0,0.0,2.0,0.0,8.0,2.0,2.0,2.0
"b'@bwsvol6 @sunfloweragus amor te lo mereces, las dos se lo merecen, las adoro'",[ 0  0  2 -2 -1  0 -1  1  0 -1  0 -1  0],"[""b'@bwsvol6"", '@sunfloweragus', 'amor', 'te', 'lo', 'mereces,', 'las', 'dos', 'se', 'lo', 'merecen,', 'las', ""adoro'""]",79.0,0.0,2.0,8.0,10.0,2.0,2.0,2.0
b'rt @black_memes507: profe: \xc2\xbfpor qu\xc3\xa9 sali\xc3\xb3 de clase virtual?\nyo: soy cable onda\nprofe: https://t.co/oiia2jin07',[ 0  0  0  0  0  0 -2  0  0  0  0  0  0],"[""b'rt"", '@black_memes507:', 'profe:', '\\xc2\\xbfpor', 'qu\\xc3\\xa9', 'sali\\xc3\\xb3', 'de', 'clase', 'virtual?\\nyo:', 'soy', 'cable', 'onda\\nprofe:', ""https://t.co/oiia2jin07'""]",135.0,0.0,2.0,0.0,4.0,0.0,0.0,-2.0
"b'rt @partidopsuv: mientras el imperialismo sigue promoviendo su odio por los pa\xc3\xadses libres del mundo, en venezuela se despliegan pol\xc3\xadticas s\xe2\x80\xa6'",[ 0  0  0  2  0  0  0  0 -2  0 -1  0  0  0  0  1  0  0  0  0  0],"[""b'rt"", '@partidopsuv:', 'mientras', 'el', 'imperialismo', 'sigue', 'promoviendo', 'su', 'odio', 'por', 'los', 'pa\\xc3\\xadses', 'libres', 'del', 'mundo,', 'en', 'venezuela', 'se', 'despliegan', 'pol\\xc3\\xadticas', ""s\\xe2\\x80\\xa6'""]",168.0,0.0,2.0,2.0,10.0,2.0,2.0,0.0
"b'@ernestocedeno cable onda, y cable &amp; wireless son los peores internet de latinoam\xc3\xa9rica, pero son los \xc3\xbanicos que tenemos.'",[ 0  0  0  0  0  0  0  0 -1  0  0 -2  0  0  0 -1  0  0  0],"[""b'@ernestocedeno"", 'cable', 'onda,', 'y', 'cable', '&amp;', 'wireless', 'son', 'los', 'peores', 'internet', 'de', 'latinoam\\xc3\\xa9rica,', 'pero', 'son', 'los', '\\xc3\\xbanicos', 'que', ""tenemos.'""]",141.0,0.0,2.0,4.0,8.0,0.0,0.0,-2.0
b'rt @cjshoter: cosas muy importante que todos deben saber antes de vivir con su pareja.\n\n1- no se folla a diario\n2- debes aprender a querer\xe2\x80\xa6',[ 0  0  0  0  0  0  0  0  0  2 -2  0  0  0  0 -1  0  0 -3  0  0  0 -3  0],"[""b'rt"", '@cjshoter:', 'cosas', 'muy', 'importante', 'que', 'todos', 'deben', 'saber', 'antes', 'de', 'vivir', 'con', 'su', 'pareja.\\n\\n1-', 'no', 'se', 'folla', 'a', 'diario\\n2-', 'debes', 'aprender', 'a', ""querer\\xe2\\x80\\xa6'""]",156.0,4.0,2.0,2.0,10.0,0.0,2.0,-2.0
b'iba en el tranque del west virtual (cable onda) y no llegu\xc3\xa9 al canto del himno',[ 0  1  2  0  0  0  0  0  0  0 -1  0 -1  0  0  0],"[""b'iba"", 'en', 'el', 'tranque', 'del', 'west', 'virtual', '(cable', 'onda)', 'y', 'no', 'llegu\\xc3\\xa9', 'al', 'canto', 'del', ""himno'""]",88.0,0.0,0.0,4.0,8.0,2.0,2.0,0.0
"b'te mereces felicidad, mereces amor, mereces lo mejor porque eres valioso y no puedes esperar menos que eso.\xf0\x9f\xa5\xb0'",[ 0  0  0  0  0  0 -1  2  0  0  0  0 -1  0  0  0  0  0],"[""b'te"", 'mereces', 'felicidad,', 'mereces', 'amor,', 'mereces', 'lo', 'mejor', 'porque', 'eres', 'valioso', 'y', 'no', 'puedes', 'esperar', 'menos', 'que', ""eso.\\xf0\\x9f\\xa5\\xb0'""]",126.0,0.0,0.0,4.0,6.0,0.0,2.0,0.0
b'rt @black_memes507: profe: \xc2\xbfpor qu\xc3\xa9 sali\xc3\xb3 de clase virtual?\nyo: soy cable onda\nprofe: https://t.co/oiia2jin07',[ 0  0  0  0  0  0 -2  0  0  0  0  0  0],"[""b'rt"", '@black_memes507:', 'profe:', '\\xc2\\xbfpor', 'qu\\xc3\\xa9', 'sali\\xc3\\xb3', 'de', 'clase', 'virtual?\\nyo:', 'soy', 'cable', 'onda\\nprofe:', ""https://t.co/oiia2jin07'""]",135.0,0.0,2.0,0.0,4.0,0.0,0.0,0.0
"b'rt @nicolasgarciab: al sol y al agua y en cualquier circunstancia, campesinos y mensajes como este nos demuestran lo gratificante que es co\xe2\x80\xa6'",[ 0  0 -1  0  0 -1  0  0  1  0  0  0  0  0  0  0  1  0 -1  0  0 -2  0],"[""b'rt"", '@nicolasgarciab:', 'al', 'sol', 'y', 'al', 'agua', 'y', 'en', 'cualquier', 'circunstancia,', 'campesinos', 'y', 'mensajes', 'como', 'este', 'nos', 'demuestran', 'lo', 'gratificante', 'que', 'es', ""co\\xe2\\x80\\xa6'""]",154.0,0.0,2.0,6.0,14.0,4.0,0.0,0.0
b'rt @black_memes507: profe: \xc2\xbfpor qu\xc3\xa9 sali\xc3\xb3 de clase virtual?\nyo: soy cable onda\nprofe: https://t.co/oiia2jin07',[ 0  0  0  0  0  0 -2  0  0  0  0  0  0],"[""b'rt"", '@black_memes507:', 'profe:', '\\xc2\\xbfpor', 'qu\\xc3\\xa9', 'sali\\xc3\\xb3', 'de', 'clase', 'virtual?\\nyo:', 'soy', 'cable', 'onda\\nprofe:', ""https://t.co/oiia2jin07'""]",135.0,0.0,2.0,0.0,4.0,0.0,0.0,-2.0
b'@florparque nunca se va a apagar el \xf0\x9f\x94\xa5\xf0\x9f\x94\xa5\xf0\x9f\x94\xa5 mi amor\xf0\x9f\x92\x8b\xf0\x9f\x92\x8b\xf0\x9f\x98\x8d\xf0\x9f\x98\x8d',[ 0  0  0  0 -3  0  2  0 -3  0],"[""b'@florparque"", 'nunca', 'se', 'va', 'a', 'apagar', 'el', '\\xf0\\x9f\\x94\\xa5\\xf0\\x9f\\x94\\xa5\\xf0\\x9f\\x94\\xa5', 'mi', ""amor\\xf0\\x9f\\x92\\x8b\\xf0\\x9f\\x92\\x8b\\xf0\\x9f\\x98\\x8d\\xf0\\x9f\\x98\\x8d'""]",159.0,4.0,0.0,0.0,8.0,0.0,2.0,-2.0
b'rt @np_03: when te das cuenta que solo usas tweeter para flamiar a cable onda \xf0\x9f\x98\x82',[ 0  0  0 -2  1  0  0  0  0  0  0  0 -3  0  0  0],"[""b'rt"", '@np_03:', 'when', 'te', 'das', 'cuenta', 'que', 'solo', 'usas', 'tweeter', 'para', 'flamiar', 'a', 'cable', 'onda', ""\\xf0\\x9f\\x98\\x82'""]",97.0,2.0,2.0,0.0,6.0,2.0,0.0,-2.0
b'prometo que despu\xc3\xa9s de esta pandemia vivir\xc3\xa9 demostr\xc3\xa1ndole mi amor a los m\xc3\xados hasta el \xc3\xbaltimo respiro y lograr una vida sin remordimientos.',[ 0  0  0 -2 -2  0  0  0 -3  2 -3 -1  0  0  2  0  0  0  0  0  0  0  0],"[""b'prometo"", 'que', 'despu\\xc3\\xa9s', 'de', 'esta', 'pandemia', 'vivir\\xc3\\xa9', 'demostr\\xc3\\xa1ndole', 'mi', 'amor', 'a', 'los', 'm\\xc3\\xados', 'hasta', 'el', '\\xc3\\xbaltimo', 'respiro', 'y', 'lograr', 'una', 'vida', 'sin', ""remordimientos.'""]",176.0,4.0,2.0,2.0,8.0,0.0,4.0,1.0
b'rt @black_memes507: profe: \xc2\xbfpor qu\xc3\xa9 sali\xc3\xb3 de clase virtual?\nyo: soy cable onda\nprofe: https://t.co/oiia2jin07',[ 0  0  0  0  0  0 -2  0  0  0  0  0  0],"[""b'rt"", '@black_memes507:', 'profe:', '\\xc2\\xbfpor', 'qu\\xc3\\xa9', 'sali\\xc3\\xb3', 'de', 'clase', 'virtual?\\nyo:', 'soy', 'cable', 'onda\\nprofe:', ""https://t.co/oiia2jin07'""]",135.0,0.0,2.0,0.0,4.0,0.0,0.0,-2.0
"b'dicen que fumar\nes da\xc3\xb1ino pero,\n\xc2\xbfhas probado el amor? https://t.co/skqbawg9lf'",[0 0 0 0 0 0 2 0 0],"[""b'dicen"", 'que', 'fumar\\nes', 'da\\xc3\\xb1ino', 'pero,\\n\\xc2\\xbfhas', 'probado', 'el', 'amor?', ""https://t.co/skqbawg9lf'""]",96.0,0.0,0.0,0.0,4.0,0.0,2.0,2.0
b'@explodingheart yo me quede en los primeros de capaldi pero luego me quede sin cable y ya no se qu\xc3\xa9 onda jajaja',[ 0  0  2  0  1 -1  0 -2  0  0  0  2  0  0  0  0  0 -1  0  0  0  0],"[""b'@explodingheart"", 'yo', 'me', 'quede', 'en', 'los', 'primeros', 'de', 'capaldi', 'pero', 'luego', 'me', 'quede', 'sin', 'cable', 'y', 'ya', 'no', 'se', 'qu\\xc3\\xa9', 'onda', ""jajaja'""]",121.0,0.0,2.0,4.0,12.0,2.0,4.0,1.0
b'rt @macapineiro: aprovechemos el d\xc3\xada para recordar lo m\xc3\xa1s grande que hicieron por unx amigx. yo le saqu\xc3\xa9 a una amiga un tamp\xc3\xb3n al que se le\xe2\x80\xa6',"[ 0  0  0  2  0  0  0 -1  0  0  0  0  0  0  0  0 -2  0 -3  0  0  0  0 -1
  0  0  0]","[""b'rt"", '@macapineiro:', 'aprovechemos', 'el', 'd\\xc3\\xada', 'para', 'recordar', 'lo', 'm\\xc3\\xa1s', 'grande', 'que', 'hicieron', 'por', 'unx', 'amigx.', 'yo', 'le', 'saqu\\xc3\\xa9', 'a', 'una', 'amiga', 'un', 'tamp\\xc3\\xb3n', 'al', 'que', 'se', ""le\\xe2\\x80\\xa6'""]",182.0,2.0,2.0,4.0,12.0,0.0,2.0,-2.0
b'rt @anthonyy_e: yo viendo historias con el wifi de cable onda \xf0\x9f\xa4\xa1 https://t.co/m0zbtyyoif',[ 0  0  0  0  0  0  2  0 -2  0  0  0  0],"[""b'rt"", '@anthonyy_e:', 'yo', 'viendo', 'historias', 'con', 'el', 'wifi', 'de', 'cable', 'onda', '\\xf0\\x9f\\xa4\\xa1', ""https://t.co/m0zbtyyoif'""]",105.0,0.0,2.0,0.0,6.0,0.0,2.0,0.0
"b'rt @orgasmodenoche: buen sexo, comunicaci\xc3\xb3n, amor y fidelidad.'",[0 0 1 0 0 2 0 0],"[""b'rt"", '@orgasmodenoche:', 'buen', 'sexo,', 'comunicaci\\xc3\\xb3n,', 'amor', 'y', ""fidelidad.'""]",72.0,0.0,0.0,0.0,6.0,2.0,2.0,2.0
b'rt @davidbonaga: hahahaha por estas cosas me mamo las cuecadas de cable onda!!! \xf0\x9f\x98\x82\xf0\x9f\x98\x82',[ 0  0  0  0  0  0  2  0 -1  0 -2  0  0  0],"[""b'rt"", '@davidbonaga:', 'hahahaha', 'por', 'estas', 'cosas', 'me', 'mamo', 'las', 'cuecadas', 'de', 'cable', 'onda!!!', ""\\xf0\\x9f\\x98\\x82\\xf0\\x9f\\x98\\x82'""]",115.0,0.0,2.0,2.0,8.0,0.0,2.0,-1.0
"b'rt @unhiloescarlata: el amor no solo es cosa de sentimientos y emociones, tambi\xc3\xa9n es cuesti\xc3\xb3n de egocentrismo, sobre todo cuando lo que hab\xe2\x80\xa6'",[ 0  0  2  2 -1  0 -2  0 -2  0  0  0  0 -2  0 -2  0  0  0  0 -1  0  0],"[""b'rt"", '@unhiloescarlata:', 'el', 'amor', 'no', 'solo', 'es', 'cosa', 'de', 'sentimientos', 'y', 'emociones,', 'tambi\\xc3\\xa9n', 'es', 'cuesti\\xc3\\xb3n', 'de', 'egocentrismo,', 'sobre', 'todo', 'cuando', 'lo', 'que', ""hab\\xe2\\x80\\xa6'""]",168.0,0.0,8.0,4.0,14.0,0.0,2.0,-2.0
"b'gracias, cable onda. cuando pens\xc3\xa9 que no pod\xc3\xadan ser m\xc3\xa1s est\xc3\xbapidos, no me fallaron. \xf0\x9f\x91\x8f\xf0\x9f\x8f\xbd https://t.co/ilpkfwutpg'",[ 0  0  0  0  0  0 -1  0  0  0  0 -1  2  0  0  0],"[""b'gracias,"", 'cable', 'onda.', 'cuando', 'pens\\xc3\\xa9', 'que', 'no', 'pod\\xc3\\xadan', 'ser', 'm\\xc3\\xa1s', 'est\\xc3\\xbapidos,', 'no', 'me', 'fallaron.', '\\xf0\\x9f\\x91\\x8f\\xf0\\x9f\\x8f\\xbd', ""https://t.co/ilpkfwutpg'""]",170.0,0.0,0.0,4.0,6.0,0.0,2.0,1.0
b'o soy un amor o te hago el amor no hay punto medio',[ 0  0  0  2 -2 -2  0  2  2 -1  0  0  0],"[""b'o"", 'soy', 'un', 'amor', 'o', 'te', 'hago', 'el', 'amor', 'no', 'hay', 'punto', ""medio'""]",53.0,0.0,2.0,2.0,6.0,0.0,4.0,1.0
b'rt @black_memes507: profe: \xc2\xbfpor qu\xc3\xa9 sali\xc3\xb3 de clase virtual?\nyo: soy cable onda\nprofe: https://t.co/oiia2jin07',[ 0  0  0  0  0  0 -2  0  0  0  0  0  0],"[""b'rt"", '@black_memes507:', 'profe:', '\\xc2\\xbfpor', 'qu\\xc3\\xa9', 'sali\\xc3\\xb3', 'de', 'clase', 'virtual?\\nyo:', 'soy', 'cable', 'onda\\nprofe:', ""https://t.co/oiia2jin07'""]",135.0,0.0,2.0,0.0,4.0,0.0,0.0,-2.0
"b'desde que te fuiste, mi vida es lo m\xc3\xa1ximo, tir\xc3\xa9 del alcohol sin freno a lo loco, para que mentirte, dejando de pens\xe2\x80\xa6 https://t.co/x2dmjufyub'",[ 0  0 -2  0 -3  0 -2 -1  0  0  0  0  0  0 -3 -1  0  0  0  0  0 -2  0  0],"[""b'desde"", 'que', 'te', 'fuiste,', 'mi', 'vida', 'es', 'lo', 'm\\xc3\\xa1ximo,', 'tir\\xc3\\xa9', 'del', 'alcohol', 'sin', 'freno', 'a', 'lo', 'loco,', 'para', 'que', 'mentirte,', 'dejando', 'de', 'pens\\xe2\\x80\\xa6', ""https://t.co/x2dmjufyub'""]",168.0,4.0,6.0,4.0,12.0,0.0,0.0,-2.0
b'una vez con un instalador de cable onda fue riquisimo',[ 0  0  0  0  0 -2  0  0  0  0],"[""b'una"", 'vez', 'con', 'un', 'instalador', 'de', 'cable', 'onda', 'fue', ""riquisimo'""]",56.0,0.0,2.0,0.0,4.0,0.0,0.0,-2.0
"b'ay dios lo mal que ella y su familia lo deben estar pasando, ahora m\xc3\xa1s que nunca merecen todo nuestro apoyo y amor'",[ 0  0 -1 -1  0  2  0  0  0 -1  0  0  0  0  0  0  0  0  0  0  0  0  0],"[""b'ay"", 'dios', 'lo', 'mal', 'que', 'ella', 'y', 'su', 'familia', 'lo', 'deben', 'estar', 'pasando,', 'ahora', 'm\\xc3\\xa1s', 'que', 'nunca', 'merecen', 'todo', 'nuestro', 'apoyo', 'y', ""amor'""]",124.0,0.0,0.0,4.0,8.0,0.0,2.0,0.0
b'hoy explota cable onda',[0 0 0 0],"[""b'hoy"", 'explota', 'cable', ""onda'""]",25.0,0.0,0.0,0.0,2.0,0.0,0.0,0.0
"b'@nadrosso hay algunos grupos que dedican un buen de sus letras al medio ambiente, al feminismo y causas sociales en\xe2\x80\xa6 https://t.co/h5gtb0g8ib'",[ 0  0  0  0  0  0  0  1 -2  0  0 -1  0  0 -1  0  0  0  0  0  0],"[""b'@nadrosso"", 'hay', 'algunos', 'grupos', 'que', 'dedican', 'un', 'buen', 'de', 'sus', 'letras', 'al', 'medio', 'ambiente,', 'al', 'feminismo', 'y', 'causas', 'sociales', 'en\\xe2\\x80\\xa6', ""https://t.co/h5gtb0g8ib'""]",154.0,0.0,2.0,4.0,8.0,2.0,0.0,-2.0
b'hahahaha por estas cosas me mamo las cuecadas de cable onda!!! \xf0\x9f\x98\x82\xf0\x9f\x98\x82 https://t.co/vky3laitcb',[ 0  0  0  0  2  0 -1  0 -2  0  0  0  0],"[""b'hahahaha"", 'por', 'estas', 'cosas', 'me', 'mamo', 'las', 'cuecadas', 'de', 'cable', 'onda!!!', '\\xf0\\x9f\\x98\\x82\\xf0\\x9f\\x98\\x82', ""https://t.co/vky3laitcb'""]",122.0,0.0,2.0,2.0,8.0,0.0,2.0,0.0
"b'rt @ponchingarciajr: el amor llegar\xc3\xa1, ahorita conc\xc3\xa9ntrate en llenar tu cv.'",[0 0 2 2 0 0 0 1 0 0 0],"[""b'rt"", '@ponchingarciajr:', 'el', 'amor', 'llegar\\xc3\\xa1,', 'ahorita', 'conc\\xc3\\xa9ntrate', 'en', 'llenar', 'tu', ""cv.'""]",91.0,0.0,0.0,0.0,6.0,2.0,2.0,2.0
b'rt @sdbardayan: me siento mal por los agentes del call center de cable onda que tienen que lidiar con los clientes frustrados; dar la cara\xe2\x80\xa6',"[ 0  0  2  0 -1  0 -1  0  0  0  0 -2  0  0  0  0  0  0  0 -1  0  0  0 -1
  0]","[""b'rt"", '@sdbardayan:', 'me', 'siento', 'mal', 'por', 'los', 'agentes', 'del', 'call', 'center', 'de', 'cable', 'onda', 'que', 'tienen', 'que', 'lidiar', 'con', 'los', 'clientes', 'frustrados;', 'dar', 'la', ""cara\\xe2\\x80\\xa6'""]",153.0,0.0,2.0,8.0,14.0,0.0,2.0,-1.0
"b'rt @sergiorochoa: no es algo wow pero siempre quise hacer esto con el amor de mi vida, y hoy lo hice conmigo mismo ( mi soledad, mi m\xc3\xbasica\xe2\x80\xa6'","[ 0  0 -1 -2  0  0  0  0  0  0 -2  0  2  2 -2 -3  0  0  0 -1  0  0  0  0
 -3  0 -3  0]","[""b'rt"", '@sergiorochoa:', 'no', 'es', 'algo', 'wow', 'pero', 'siempre', 'quise', 'hacer', 'esto', 'con', 'el', 'amor', 'de', 'mi', 'vida,', 'y', 'hoy', 'lo', 'hice', 'conmigo', 'mismo', '(', 'mi', 'soledad,', 'mi', ""m\\xc3\\xbasica\\xe2\\x80\\xa6'""]",160.0,6.0,6.0,4.0,14.0,0.0,2.0,-2.0
b'when te das cuenta que solo usas tweeter para flamiar a cable onda \xf0\x9f\x98\x82',[ 0 -2  1  0  0  0  0  0  0  0 -3  0  0  0],"[""b'when"", 'te', 'das', 'cuenta', 'que', 'solo', 'usas', 'tweeter', 'para', 'flamiar', 'a', 'cable', 'onda', ""\\xf0\\x9f\\x98\\x82'""]",86.0,2.0,2.0,0.0,6.0,2.0,0.0,-2.0
"b'rt @maggiessalexx: luisita y amelia diciendo una a la otra ""mi amor"" es que me derrito, estas cosas me ponen bland\xc3\xadsima \xf0\x9f\xa5\xba\xe2\x9d\xa4\xef\xb8\x8f\n\n#luimeliasinse\xe2\x80\xa6'",[ 0  0  0  0  0  0  0 -3 -1  0  0  0 -2  0  2  0  0  0  2  0  0  0],"[""b'rt"", '@maggiessalexx:', 'luisita', 'y', 'amelia', 'diciendo', 'una', 'a', 'la', 'otra', '""mi', 'amor""', 'es', 'que', 'me', 'derrito,', 'estas', 'cosas', 'me', 'ponen', 'bland\\xc3\\xadsima', ""\\xf0\\x9f\\xa5\\xba\\xe2\\x9d\\xa4\\xef\\xb8\\x8f\\n\\n#luimeliasinse\\xe2\\x80\\xa6'""]",200.0,2.0,2.0,2.0,10.0,0.0,4.0,1.0
b'cable onda e instagram son la peor combinaci\xc3\xb3n de mi cuarentena',[ 0  0 -3  0  0 -1  0  0 -2 -3  0],"[""b'cable"", 'onda', 'e', 'instagram', 'son', 'la', 'peor', 'combinaci\\xc3\\xb3n', 'de', 'mi', ""cuarentena'""]",73.0,4.0,2.0,2.0,8.0,0.0,0.0,-2.0
b'rt @auronxsea: gustabo garc\xc3\x8da sos un terrible puto y tu sociopatia una terrible mierda no te acord\xc3\x81s cuando horacio te llenaba el alma de a\xe2\x80\xa6',"[ 0  0  0  0  2  0 -2  0  0  0  0  0 -2 -3 -1 -2  0  0  0 -2  0  2  0 -2
  0]","[""b'rt"", '@auronxsea:', 'gustabo', 'garc\\xc3\\x8da', 'sos', 'un', 'terrible', 'puto', 'y', 'tu', 'sociopatia', 'una', 'terrible', 'mierda', 'no', 'te', 'acord\\xc3\\x81s', 'cuando', 'horacio', 'te', 'llenaba', 'el', 'alma', 'de', ""a\\xe2\\x80\\xa6'""]",168.0,2.0,10.0,2.0,14.0,0.0,4.0,-2.0
b'rt @sdbardayan: me siento mal por los agentes del call center de cable onda que tienen que lidiar con los clientes frustrados; dar la cara\xe2\x80\xa6',"[ 0  0  2  0 -1  0 -1  0  0  0  0 -2  0  0  0  0  0  0  0 -1  0  0  0 -1
  0]","[""b'rt"", '@sdbardayan:', 'me', 'siento', 'mal', 'por', 'los', 'agentes', 'del', 'call', 'center', 'de', 'cable', 'onda', 'que', 'tienen', 'que', 'lidiar', 'con', 'los', 'clientes', 'frustrados;', 'dar', 'la', ""cara\\xe2\\x80\\xa6'""]",153.0,0.0,2.0,8.0,14.0,0.0,2.0,-2.0
"b'casemonodigo pero amor, tendr\xc3\xa1 que usar vestido o no. https://t.co/om7tkuxous'",[ 0  0  0  0  0  0  0 -2  0  0],"[""b'casemonodigo"", 'pero', 'amor,', 'tendr\\xc3\\xa1', 'que', 'usar', 'vestido', 'o', 'no.', ""https://t.co/om7tkuxous'""]",87.0,0.0,2.0,0.0,4.0,0.0,0.0,-2.0
b'rt @sdbardayan: me siento mal por los agentes del call center de cable onda que tienen que lidiar con los clientes frustrados; dar la cara\xe2\x80\xa6',"[ 0  0  2  0 -1  0 -1  0  0  0  0 -2  0  0  0  0  0  0  0 -1  0  0  0 -1
  0]","[""b'rt"", '@sdbardayan:', 'me', 'siento', 'mal', 'por', 'los', 'agentes', 'del', 'call', 'center', 'de', 'cable', 'onda', 'que', 'tienen', 'que', 'lidiar', 'con', 'los', 'clientes', 'frustrados;', 'dar', 'la', ""cara\\xe2\\x80\\xa6'""]",153.0,0.0,2.0,8.0,14.0,0.0,2.0,-1.0
"b'rt @kingsbts7: no necesitan ser ricos, ni tener toda la merch de los chicos tampoco ir al d\xc3\xada con sus \xc3\xa1lbumes para validar que son armys, n\xe2\x80\xa6'","[ 0  0 -1  0  0  0  1  0  0 -1  0 -2 -1  0  0  0 -1  0  0  0  0  0  0  0
  0  0  0]","[""b'rt"", '@kingsbts7:', 'no', 'necesitan', 'ser', 'ricos,', 'ni', 'tener', 'toda', 'la', 'merch', 'de', 'los', 'chicos', 'tampoco', 'ir', 'al', 'd\\xc3\\xada', 'con', 'sus', '\\xc3\\xa1lbumes', 'para', 'validar', 'que', 'son', 'armys,', ""n\\xe2\\x80\\xa6'""]",168.0,0.0,2.0,8.0,12.0,2.0,0.0,-2.0
b'rt @sdbardayan: me siento mal por los agentes del call center de cable onda que tienen que lidiar con los clientes frustrados; dar la cara\xe2\x80\xa6',"[ 0  0  2  0 -1  0 -1  0  0  0  0 -2  0  0  0  0  0  0  0 -1  0  0  0 -1
  0]","[""b'rt"", '@sdbardayan:', 'me', 'siento', 'mal', 'por', 'los', 'agentes', 'del', 'call', 'center', 'de', 'cable', 'onda', 'que', 'tienen', 'que', 'lidiar', 'con', 'los', 'clientes', 'frustrados;', 'dar', 'la', ""cara\\xe2\\x80\\xa6'""]",153.0,0.0,2.0,8.0,14.0,0.0,2.0,-1.0
b'rt @milyibarra1: le entregu\xc3\xa9 lo mejor de mi. no me puedo quejar. estoy orgullosa de tener el coraz\xc3\xb3n que tengo y de mi capacidad de dar amo\xe2\x80\xa6',"[ 0  0 -2  0 -1  2 -2  0 -1  2  0  0  0  0 -2  0  2  0  0  0  0 -2 -3  0
 -2  0  0]","[""b'rt"", '@milyibarra1:', 'le', 'entregu\\xc3\\xa9', 'lo', 'mejor', 'de', 'mi.', 'no', 'me', 'puedo', 'quejar.', 'estoy', 'orgullosa', 'de', 'tener', 'el', 'coraz\\xc3\\xb3n', 'que', 'tengo', 'y', 'de', 'mi', 'capacidad', 'de', 'dar', ""amo\\xe2\\x80\\xa6'""]",168.0,2.0,10.0,4.0,16.0,0.0,6.0,2.0
b'me siento mal por los agentes del call center de cable onda que tienen que lidiar con los clientes frustrados; dar\xe2\x80\xa6 https://t.co/l6cddi0ted',[ 0  0 -1  0 -1  0  0  0  0 -2  0  0  0  0  0  0  0 -1  0  0  0  0],"[""b'me"", 'siento', 'mal', 'por', 'los', 'agentes', 'del', 'call', 'center', 'de', 'cable', 'onda', 'que', 'tienen', 'que', 'lidiar', 'con', 'los', 'clientes', 'frustrados;', 'dar\\xe2\\x80\\xa6', ""https://t.co/l6cddi0ted'""]",153.0,0.0,2.0,6.0,10.0,0.0,0.0,-2.0
"b'rt @armyrenzi: caminando descalzo en la orilla, respire los olores del mar, escuche el canto de las olas, conozca a las conchas, las hijas\xe2\x80\xa6'",[ 0  0  0  0  1 -1  0  0 -1  0  0  0  0  2  0 -2 -1  0  0 -3 -1  0 -1  0],"[""b'rt"", '@armyrenzi:', 'caminando', 'descalzo', 'en', 'la', 'orilla,', 'respire', 'los', 'olores', 'del', 'mar,', 'escuche', 'el', 'canto', 'de', 'las', 'olas,', 'conozca', 'a', 'las', 'conchas,', 'las', ""hijas\\xe2\\x80\\xa6'""]",153.0,2.0,2.0,10.0,14.0,2.0,2.0,-1.0
"b'rt @julie20112: igual para las dem\xc3\xa1s, cable onda, que apoyen con servicio eficiente.'",[ 0  0  0  0 -1  0  0  0  0  0  0  0  0],"[""b'rt"", '@julie20112:', 'igual', 'para', 'las', 'dem\\xc3\\xa1s,', 'cable', 'onda,', 'que', 'apoyen', 'con', 'servicio', ""eficiente.'""]",94.0,0.0,0.0,2.0,4.0,0.0,0.0,-1.0
b'rt @rguezzale: encontrar amor y amistad en la misma persona es ganar en la vida.',[ 0  0  0  2  0  0  1 -1  0  0 -2  0  1 -1  0],"[""b'rt"", '@rguezzale:', 'encontrar', 'amor', 'y', 'amistad', 'en', 'la', 'misma', 'persona', 'es', 'ganar', 'en', 'la', ""vida.'""]",83.0,0.0,2.0,4.0,10.0,4.0,2.0,2.0
b'rt @black_memes507: profe: \xc2\xbfpor qu\xc3\xa9 sali\xc3\xb3 de clase virtual?\nyo: soy cable onda\nprofe: https://t.co/oiia2jin07',[ 0  0  0  0  0  0 -2  0  0  0  0  0  0],"[""b'rt"", '@black_memes507:', 'profe:', '\\xc2\\xbfpor', 'qu\\xc3\\xa9', 'sali\\xc3\\xb3', 'de', 'clase', 'virtual?\\nyo:', 'soy', 'cable', 'onda\\nprofe:', ""https://t.co/oiia2jin07'""]",135.0,0.0,2.0,0.0,4.0,0.0,0.0,-2.0
b'esas personas que no conozco y reaccionan a mis historias de ig tienen todo mi amor ganado',[ 0  0  0 -1  0  0  0 -3  0  0 -2  0  0  0 -3  2  0],"[""b'esas"", 'personas', 'que', 'no', 'conozco', 'y', 'reaccionan', 'a', 'mis', 'historias', 'de', 'ig', 'tienen', 'todo', 'mi', 'amor', ""ganado'""]",93.0,4.0,2.0,2.0,10.0,0.0,2.0,-1.0
b'rt @cotovidela: que onda #canal13 bajo el gc (generador de caracteres) se lee clarito que no han pagado el cable jajjajja ya pueh cabros #q\xe2\x80\xa6',"[ 0  0  0  0  0  0  2  0  0 -2  0  0  0  0  0 -1  0  0  2  0  0  0  0  0
  0]","[""b'rt"", '@cotovidela:', 'que', 'onda', '#canal13', 'bajo', 'el', 'gc', '(generador', 'de', 'caracteres)', 'se', 'lee', 'clarito', 'que', 'no', 'han', 'pagado', 'el', 'cable', 'jajjajja', 'ya', 'pueh', 'cabros', ""#q\\xe2\\x80\\xa6'""]",154.0,0.0,2.0,2.0,10.0,0.0,4.0,0.0
"b'rt @deyanarabrianda: donde no eres feliz debes marcharte, no importa el tiempo que perdiste, ni los planes, aunque se te rompa el coraz\xc3\xb3n.\xe2\x80\xa6'",[ 0  0  0 -1  0  2  0  0 -1  0  2  0  0  0  1 -1  0  0  0 -2  0  2  0],"[""b'rt"", '@deyanarabrianda:', 'donde', 'no', 'eres', 'feliz', 'debes', 'marcharte,', 'no', 'importa', 'el', 'tiempo', 'que', 'perdiste,', 'ni', 'los', 'planes,', 'aunque', 'se', 'te', 'rompa', 'el', ""coraz\\xc3\\xb3n.\\xe2\\x80\\xa6'""]",160.0,0.0,2.0,6.0,16.0,2.0,6.0,2.0
b'rt @alvarough: ah\xc3\xad viene cable onda... https://t.co/qdwkxujpik',[0 0 0 0 0 0 0],"[""b'rt"", '@alvarough:', 'ah\\xc3\\xad', 'viene', 'cable', 'onda...', ""https://t.co/qdwkxujpik'""]",72.0,0.0,0.0,0.0,2.0,0.0,0.0,0.0
b'rt @gabymendoza21: babies bull terrier a la venta! \nnecesitan un hogar que le den mucho amor y cuidado \xf0\x9f\x92\x95\xf0\x9f\x90\xb6\xf0\x9f\x92\x9c \nme ayudan con un rt\xf0\x9f\x99\x8f\xf0\x9f\x8f\xbc\xf0\x9f\xa4\xa9 https://\xe2\x80\xa6',"[ 0  0  0  0  0 -3 -1  0  0  0  0  0 -2  0  0  2  0  0  0  0  0  0  0  0
  0]","[""b'rt"", '@gabymendoza21:', 'babies', 'bull', 'terrier', 'a', 'la', 'venta!', '\\nnecesitan', 'un', 'hogar', 'que', 'le', 'den', 'mucho', 'amor', 'y', 'cuidado', '\\xf0\\x9f\\x92\\x95\\xf0\\x9f\\x90\\xb6\\xf0\\x9f\\x92\\x9c', '\\nme', 'ayudan', 'con', 'un', 'rt\\xf0\\x9f\\x99\\x8f\\xf0\\x9f\\x8f\\xbc\\xf0\\x9f\\xa4\\xa9', ""https://\\xe2\\x80\\xa6'""]",246.0,2.0,2.0,2.0,8.0,0.0,2.0,-1.0
b'rt @black_memes507: profe: \xc2\xbfpor qu\xc3\xa9 sali\xc3\xb3 de clase virtual?\nyo: soy cable onda\nprofe: https://t.co/oiia2jin07',[ 0  0  0  0  0  0 -2  0  0  0  0  0  0],"[""b'rt"", '@black_memes507:', 'profe:', '\\xc2\\xbfpor', 'qu\\xc3\\xa9', 'sali\\xc3\\xb3', 'de', 'clase', 'virtual?\\nyo:', 'soy', 'cable', 'onda\\nprofe:', ""https://t.co/oiia2jin07'""]",135.0,0.0,2.0,0.0,4.0,0.0,0.0,-2.0
b'toy contenta porque una amiga de facultad q todavia no conozco me dijo feliz dia. no merezco tanto amor de alguien\xe2\x80\xa6 https://t.co/day1c0tt5z',[ 0  0  0  0  0 -2  0  0  0 -1  0  2  0  2  0 -1  0  0  2 -2  0  0],"[""b'toy"", 'contenta', 'porque', 'una', 'amiga', 'de', 'facultad', 'q', 'todavia', 'no', 'conozco', 'me', 'dijo', 'feliz', 'dia.', 'no', 'merezco', 'tanto', 'amor', 'de', 'alguien\\xe2\\x80\\xa6', ""https://t.co/day1c0tt5z'""]",153.0,0.0,4.0,4.0,14.0,0.0,6.0,1.0
b'rt @black_memes507: profe: \xc2\xbfpor qu\xc3\xa9 sali\xc3\xb3 de clase virtual?\nyo: soy cable onda\nprofe: https://t.co/oiia2jin07',[ 0  0  0  0  0  0 -2  0  0  0  0  0  0],"[""b'rt"", '@black_memes507:', 'profe:', '\\xc2\\xbfpor', 'qu\\xc3\\xa9', 'sali\\xc3\\xb3', 'de', 'clase', 'virtual?\\nyo:', 'soy', 'cable', 'onda\\nprofe:', ""https://t.co/oiia2jin07'""]",135.0,0.0,2.0,0.0,4.0,0.0,0.0,-2.0
"b'rt @ayamlachini: el amor, lo bueno en general, no se debe dejar nunca para ma\xc3\xb1ana, si hay algo que la vida nos ense\xc3\xb1a con el paso del tiemp\xe2\x80\xa6'","[ 0  0  2  0 -1  1  1  0 -1  0  0  0  0  0  0 -2  0  0  0 -1  0  1  0  0
  2  0  0  0]","[""b'rt"", '@ayamlachini:', 'el', 'amor,', 'lo', 'bueno', 'en', 'general,', 'no', 'se', 'debe', 'dejar', 'nunca', 'para', 'ma\\xc3\\xb1ana,', 'si', 'hay', 'algo', 'que', 'la', 'vida', 'nos', 'ense\\xc3\\xb1a', 'con', 'el', 'paso', 'del', ""tiemp\\xe2\\x80\\xa6'""]",168.0,0.0,2.0,6.0,16.0,4.0,4.0,2.0
b'cable onda hp\xf0\x9f\x92\x80 https://t.co/vtwizxsn4n',[0 0 0 0],"[""b'cable"", 'onda', 'hp\\xf0\\x9f\\x92\\x80', ""https://t.co/vtwizxsn4n'""]",56.0,0.0,0.0,0.0,2.0,0.0,0.0,0.0
b'tampoco le agarr\xc3\xa9 amor a la guerrilla y su estilo de vida como estipulaban con el bombardeo liteterario que nos car\xe2\x80\xa6 https://t.co/vpnb4jzuse',[ 0 -2  0  2 -3 -1  0  0  0  0 -2  0  0  0  0  2  0  0  0  1  0  0],"[""b'tampoco"", 'le', 'agarr\\xc3\\xa9', 'amor', 'a', 'la', 'guerrilla', 'y', 'su', 'estilo', 'de', 'vida', 'como', 'estipulaban', 'con', 'el', 'bombardeo', 'liteterario', 'que', 'nos', 'car\\xe2\\x80\\xa6', ""https://t.co/vpnb4jzuse'""]",161.0,2.0,4.0,2.0,12.0,2.0,4.0,0.0
"b'@claudiiavega08 y yo aca empezando semestrales\xf0\x9f\xa5\xb2, que cable onda este contigo\xf0\x9f\x99\x8f'",[0 0 0 2 0 0 0 0 0 0 0],"[""b'@claudiiavega08"", 'y', 'yo', 'aca', 'empezando', 'semestrales\\xf0\\x9f\\xa5\\xb2,', 'que', 'cable', 'onda', 'este', ""contigo\\xf0\\x9f\\x99\\x8f'""]",110.0,0.0,0.0,0.0,4.0,0.0,2.0,2.0
"b'@sevillafc @suso30oficial sorprende tanto resentimiento, en vez de felicidad, de los aficionados del mil\xc3\xa1n si tan m\xe2\x80\xa6 https://t.co/maix4xb5bn'",[ 0  0  0  0  0  1  0 -2  0 -2 -1  0  0  0 -2  0  0  0],"[""b'@sevillafc"", '@suso30oficial', 'sorprende', 'tanto', 'resentimiento,', 'en', 'vez', 'de', 'felicidad,', 'de', 'los', 'aficionados', 'del', 'mil\\xc3\\xa1n', 'si', 'tan', 'm\\xe2\\x80\\xa6', ""https://t.co/maix4xb5bn'""]",161.0,0.0,6.0,2.0,10.0,2.0,0.0,-2.0
b'rt @pablofourtyfive: \xe2\x80\x9cprofe soy cable onda \xe2\x80\x9c\nla excusa de este a\xc3\xb1o para llegar tarde a las clases virtuales \xf0\x9f\xa7\xa0',[ 0  0  0  0  0  0  0  0 -2  0  0  0  0  0 -3 -1  0  0  0],"[""b'rt"", '@pablofourtyfive:', '\\xe2\\x80\\x9cprofe', 'soy', 'cable', 'onda', '\\xe2\\x80\\x9c\\nla', 'excusa', 'de', 'este', 'a\\xc3\\xb1o', 'para', 'llegar', 'tarde', 'a', 'las', 'clases', 'virtuales', ""\\xf0\\x9f\\xa7\\xa0'""]",157.0,2.0,2.0,2.0,6.0,0.0,0.0,-2.0
"b'@veni_pegate18 ya venite amor, solo tenes que agarrar tu pasaporte y su maleta y listo, hasta de gratis te trae el\xe2\x80\xa6 https://t.co/o1bfemg0ym'",[ 0  0  0  0  0  0  0  0  0  0  0  0  0  0  0  0 -2  0 -2  0  0  0],"[""b'@veni_pegate18"", 'ya', 'venite', 'amor,', 'solo', 'tenes', 'que', 'agarrar', 'tu', 'pasaporte', 'y', 'su', 'maleta', 'y', 'listo,', 'hasta', 'de', 'gratis', 'te', 'trae', 'el\\xe2\\x80\\xa6', ""https://t.co/o1bfemg0ym'""]",153.0,0.0,4.0,0.0,6.0,0.0,0.0,-2.0
b'rt @the_jnako: cable onda eres una verga',[0 0 0 0 0 0 0],"[""b'rt"", '@the_jnako:', 'cable', 'onda', 'eres', 'una', ""verga'""]",43.0,0.0,0.0,0.0,2.0,0.0,0.0,0.0
"b'rt @paoor13: el amor, indiscutiblemente, es para valientes \xe2\x9c\xa8'",[ 0  0  2  0  0 -2  0  0  0],"[""b'rt"", '@paoor13:', 'el', 'amor,', 'indiscutiblemente,', 'es', 'para', 'valientes', ""\\xe2\\x9c\\xa8'""]",74.0,0.0,2.0,0.0,6.0,0.0,2.0,-2.0
b'rt @black_memes507: profe: \xc2\xbfpor qu\xc3\xa9 sali\xc3\xb3 de clase virtual?\nyo: soy cable onda\nprofe: https://t.co/oiia2jin07',[ 0  0  0  0  0  0 -2  0  0  0  0  0  0],"[""b'rt"", '@black_memes507:', 'profe:', '\\xc2\\xbfpor', 'qu\\xc3\\xa9', 'sali\\xc3\\xb3', 'de', 'clase', 'virtual?\\nyo:', 'soy', 'cable', 'onda\\nprofe:', ""https://t.co/oiia2jin07'""]",135.0,0.0,2.0,0.0,4.0,0.0,0.0,-2.0
b'las amiguitas de mi hermana vinieron a traerle una merienda de salado y dulce por el d\xc3\xada del amigo\xf0\x9f\xa5\xba\xf0\x9f\xa5\xba\xf0\x9f\xa5\xba\xf0\x9f\x98\xbb\xf0\x9f\x98\xbb\xf0\x9f\x98\xbb mor\xc3\xad de amor',[ 0  0 -2 -3  0  0 -3  0  0  0 -2  0  0  0  0  2  0  0  0  0 -2  0],"[""b'las"", 'amiguitas', 'de', 'mi', 'hermana', 'vinieron', 'a', 'traerle', 'una', 'merienda', 'de', 'salado', 'y', 'dulce', 'por', 'el', 'd\\xc3\\xada', 'del', 'amigo\\xf0\\x9f\\xa5\\xba\\xf0\\x9f\\xa5\\xba\\xf0\\x9f\\xa5\\xba\\xf0\\x9f\\x98\\xbb\\xf0\\x9f\\x98\\xbb\\xf0\\x9f\\x98\\xbb', 'mor\\xc3\\xad', 'de', ""amor'""]",224.0,4.0,6.0,0.0,12.0,0.0,2.0,-2.0
b'cable onda destac\xc3\xa1ndose como siempre',[0 0 0 0 0],"[""b'cable"", 'onda', 'destac\\xc3\\xa1ndose', 'como', ""siempre'""]",46.0,0.0,0.0,0.0,2.0,0.0,0.0,0.0
"b'rt @lamenesesk1: colombia patria m\xc3\xada, te llevo con amor en mi coraz\xc3\xb3n!! creo en t\xc3\xba destino y esper\xc3\xb3 verte siempre grande, respetada y libre\xe2\x80\xa6'",[ 0  0  0  0  0 -2  0  0  2  1 -3  0  0  1  0  0  0  0  0  0  0  0  0  0],"[""b'rt"", '@lamenesesk1:', 'colombia', 'patria', 'm\\xc3\\xada,', 'te', 'llevo', 'con', 'amor', 'en', 'mi', 'coraz\\xc3\\xb3n!!', 'creo', 'en', 't\\xc3\\xba', 'destino', 'y', 'esper\\xc3\\xb3', 'verte', 'siempre', 'grande,', 'respetada', 'y', ""libre\\xe2\\x80\\xa6'""]",182.0,2.0,2.0,0.0,8.0,4.0,2.0,2.0
b'que onda #canal13 bajo el gc (generador de caracteres) se lee clarito que no han pagado el cable jajjajja ya pueh c\xe2\x80\xa6 https://t.co/lmthtshunz',[ 0  0  0  0  2  0  0 -2  0  0  0  0  0 -1  0  0  2  0  0  0  0  0  0],"[""b'que"", 'onda', '#canal13', 'bajo', 'el', 'gc', '(generador', 'de', 'caracteres)', 'se', 'lee', 'clarito', 'que', 'no', 'han', 'pagado', 'el', 'cable', 'jajjajja', 'ya', 'pueh', 'c\\xe2\\x80\\xa6', ""https://t.co/lmthtshunz'""]",154.0,0.0,2.0,2.0,10.0,0.0,4.0,0.0
b'btw ayer me vi la pel\xc3\xadcula de amor m\xc3\xa1s pechocha que he vistooooo jueputa v\xc3\xa9anse propuesta de a\xc3\xb1o bisiesto ya',[ 0  0  2  0 -1  0 -2  2  0  0  0  2  0  0  0  0 -2  0  0  0],"[""b'btw"", 'ayer', 'me', 'vi', 'la', 'pel\\xc3\\xadcula', 'de', 'amor', 'm\\xc3\\xa1s', 'pechocha', 'que', 'he', 'vistooooo', 'jueputa', 'v\\xc3\\xa9anse', 'propuesta', 'de', 'a\\xc3\\xb1o', 'bisiesto', ""ya'""]",139.0,0.0,4.0,2.0,12.0,0.0,6.0,0.0
b'que onda est\xc3\xa1 humedad le afect\xc3\xb3 a todos los cable?? toxiiiiii toxii',[ 0  0  0  0 -2  0 -3  0 -1  0  0  0],"[""b'que"", 'onda', 'est\\xc3\\xa1', 'humedad', 'le', 'afect\\xc3\\xb3', 'a', 'todos', 'los', 'cable??', 'toxiiiiii', ""toxii'""]",84.0,2.0,2.0,2.0,8.0,0.0,0.0,-2.0
"b'@alejandroabie antes de ser novios fuimos amigos, pero nunca dejaste de ser mi mejor amigo. te amo mi amor :) hagam\xe2\x80\xa6 https://t.co/unsth074ak'",[ 0  2 -2  0  0  0  0  0  0  0 -2  0 -3  2  0 -2  2 -3  2  0  0  0],"[""b'@alejandroabie"", 'antes', 'de', 'ser', 'novios', 'fuimos', 'amigos,', 'pero', 'nunca', 'dejaste', 'de', 'ser', 'mi', 'mejor', 'amigo.', 'te', 'amo', 'mi', 'amor', ':)', 'hagam\\xe2\\x80\\xa6', ""https://t.co/unsth074ak'""]",154.0,4.0,6.0,0.0,10.0,0.0,8.0,2.0
b'@teamcableonda por favor pidan a sus colaboradores que usen mascarilla hoy tuve dar paso a un busito porque ven\xc3\xada m\xe2\x80\xa6 https://t.co/w8e73vdo2k',[ 0  0  0  0 -3  0  0  0  0  0  0  0  0  0 -3  0  0  0  0  0  0],"[""b'@teamcableonda"", 'por', 'favor', 'pidan', 'a', 'sus', 'colaboradores', 'que', 'usen', 'mascarilla', 'hoy', 'tuve', 'dar', 'paso', 'a', 'un', 'busito', 'porque', 'ven\\xc3\\xada', 'm\\xe2\\x80\\xa6', ""https://t.co/w8e73vdo2k'""]",161.0,4.0,0.0,0.0,6.0,0.0,0.0,-2.0
"b'rt @ivanduque: hoy exaltamos la dedicaci\xc3\xb3n de integrantes de la fuerza p\xc3\xbablica que, adem\xc3\xa1s de velar por la seguridad y la integridad de los\xe2\x80\xa6'",[ 0  0  0  0 -1  0 -2  0 -2 -1  0  0  0  0 -2  0  0 -1  0  0 -1  0 -2  0],"[""b'rt"", '@ivanduque:', 'hoy', 'exaltamos', 'la', 'dedicaci\\xc3\\xb3n', 'de', 'integrantes', 'de', 'la', 'fuerza', 'p\\xc3\\xbablica', 'que,', 'adem\\xc3\\xa1s', 'de', 'velar', 'por', 'la', 'seguridad', 'y', 'la', 'integridad', 'de', ""los\\xe2\\x80\\xa6'""]",175.0,0.0,8.0,8.0,16.0,0.0,0.0,-2.0
b'@masmovilayuda no entiendo a esta empresa! con pandemia y todo se hace el esfuerzo de pagar y todo el dia internet\xe2\x80\xa6 https://t.co/ahwbecdygo',[ 0 -1  0 -3 -2  0  0  0  0  0  0  0  2  0 -2  0  0  0  2 -2  0  0],"[""b'@masmovilayuda"", 'no', 'entiendo', 'a', 'esta', 'empresa!', 'con', 'pandemia', 'y', 'todo', 'se', 'hace', 'el', 'esfuerzo', 'de', 'pagar', 'y', 'todo', 'el', 'dia', 'internet\\xe2\\x80\\xa6', ""https://t.co/ahwbecdygo'""]",153.0,2.0,6.0,2.0,12.0,0.0,4.0,-2.0
"b'rt @maluch126p: #cubaeduca a sus ni\xc3\xb1os en un ambiente de tranquilidad, alegr\xc3\xada y amor. #somoscuba #somoscontinuidad https://t.co/kvpqxiviwp'",[ 0  0  0 -3  0  0  1  0  0 -2  0  0  0  0  0  0  0],"[""b'rt"", '@maluch126p:', '#cubaeduca', 'a', 'sus', 'ni\\xc3\\xb1os', 'en', 'un', 'ambiente', 'de', 'tranquilidad,', 'alegr\\xc3\\xada', 'y', 'amor.', '#somoscuba', '#somoscontinuidad', ""https://t.co/kvpqxiviwp'""]",156.0,2.0,2.0,0.0,8.0,2.0,0.0,-2.0
b'rt @pablofourtyfive: \xe2\x80\x9cprofe soy cable onda \xe2\x80\x9c\nla excusa de este a\xc3\xb1o para llegar tarde a las clases virtuales \xf0\x9f\xa7\xa0',[ 0  0  0  0  0  0  0  0 -2  0  0  0  0  0 -3 -1  0  0  0],"[""b'rt"", '@pablofourtyfive:', '\\xe2\\x80\\x9cprofe', 'soy', 'cable', 'onda', '\\xe2\\x80\\x9c\\nla', 'excusa', 'de', 'este', 'a\\xc3\\xb1o', 'para', 'llegar', 'tarde', 'a', 'las', 'clases', 'virtuales', ""\\xf0\\x9f\\xa7\\xa0'""]",157.0,2.0,2.0,2.0,6.0,0.0,0.0,-2.0
b'rt @adkinsparce: fiel creyente de que el amor por el pa\xc3\xads de uno no le tiene por que impedir criticar las cosas que obviamente est\xc3\xa1n mal. n\xe2\x80\xa6',"[ 0  0  0  0 -2  0  2  2  0  2  0 -2  0 -1 -2  0  0  0  0  0 -1  0  0  0
  0  0  0]","[""b'rt"", '@adkinsparce:', 'fiel', 'creyente', 'de', 'que', 'el', 'amor', 'por', 'el', 'pa\\xc3\\xads', 'de', 'uno', 'no', 'le', 'tiene', 'por', 'que', 'impedir', 'criticar', 'las', 'cosas', 'que', 'obviamente', 'est\\xc3\\xa1n', 'mal.', ""n\\xe2\\x80\\xa6'""]",168.0,0.0,6.0,4.0,14.0,0.0,4.0,0.0
b'ya @cwpanama esta igual de panga que cable onda tengo dias que mi servicio no sirve!! que porquer\xc3\xada \xf0\x9f\x92\xa9!',[ 0  0 -2  0 -2  0  0  0  0  0  0  0 -3  0 -1  0  0  0  0],"[""b'ya"", '@cwpanama', 'esta', 'igual', 'de', 'panga', 'que', 'cable', 'onda', 'tengo', 'dias', 'que', 'mi', 'servicio', 'no', 'sirve!!', 'que', 'porquer\\xc3\\xada', ""\\xf0\\x9f\\x92\\xa9!'""]",127.0,2.0,4.0,2.0,10.0,0.0,0.0,-2.0
"b'rt @fuaasandra: f\xc3\xadsicamente no soy un buen partido, pero risas y amor no te van a faltar.'",[ 0  0  0 -1  0  0  1  0  0  0  0  2 -1 -2  0 -3  0],"[""b'rt"", '@fuaasandra:', 'f\\xc3\\xadsicamente', 'no', 'soy', 'un', 'buen', 'partido,', 'pero', 'risas', 'y', 'amor', 'no', 'te', 'van', 'a', ""faltar.'""]",99.0,2.0,2.0,4.0,10.0,2.0,2.0,-1.0
"b'igual para las dem\xc3\xa1s, cable onda, que apoyen con servicio eficiente. https://t.co/6ylgd1ammr'",[ 0  0 -1  0  0  0  0  0  0  0  0  0],"[""b'igual"", 'para', 'las', 'dem\\xc3\\xa1s,', 'cable', 'onda,', 'que', 'apoyen', 'con', 'servicio', 'eficiente.', ""https://t.co/6ylgd1ammr'""]",102.0,0.0,0.0,2.0,4.0,0.0,0.0,-1.0
"b'@hxneyfx podemos ir al fin del mundo juntas si lo deseas, mi amor.\nla respuesta es muy obvia.'",[ 0  0  0 -1  0  0  0  0 -2 -1  0 -3  0  0 -2  0  0],"[""b'@hxneyfx"", 'podemos', 'ir', 'al', 'fin', 'del', 'mundo', 'juntas', 'si', 'lo', 'deseas,', 'mi', 'amor.\\nla', 'respuesta', 'es', 'muy', ""obvia.'""]",97.0,2.0,4.0,4.0,10.0,0.0,0.0,-2.0
b'rt @agosborquez: que onda veo las historias y ya se levant\xc3\xb3 la cuarentena o que? porque no hay nadie que hoy no se haya juntado y la verdad\xe2\x80\xa6',"[ 0  0  0  0  0 -1  0  0  0  0  0 -1  0 -2  0  0 -1  0  0  0  0 -1  0  0
  0  0 -1  0]","[""b'rt"", '@agosborquez:', 'que', 'onda', 'veo', 'las', 'historias', 'y', 'ya', 'se', 'levant\\xc3\\xb3', 'la', 'cuarentena', 'o', 'que?', 'porque', 'no', 'hay', 'nadie', 'que', 'hoy', 'no', 'se', 'haya', 'juntado', 'y', 'la', ""verdad\\xe2\\x80\\xa6'""]",161.0,0.0,2.0,10.0,14.0,0.0,0.0,-2.0
"b'rt @diego_luis_cord: un saludo a nuestro gobernador an\xc3\xadbal gaviria, se de su compromiso con el departamento y de su amor patrio. feliz dia\xe2\x80\xa6'",[ 0  0  0  0 -3  0  0  0  0  0 -2  0  0  0  2  0  0 -2  0  2  0  2  0],"[""b'rt"", '@diego_luis_cord:', 'un', 'saludo', 'a', 'nuestro', 'gobernador', 'an\\xc3\\xadbal', 'gaviria,', 'se', 'de', 'su', 'compromiso', 'con', 'el', 'departamento', 'y', 'de', 'su', 'amor', 'patrio.', 'feliz', ""dia\\xe2\\x80\\xa6'""]",160.0,2.0,4.0,0.0,14.0,0.0,6.0,1.0
b'qu\xc3\xa9 pasa con cable onda',[0 0 0 0 0],"[""b'qu\\xc3\\xa9"", 'pasa', 'con', 'cable', ""onda'""]",33.0,0.0,0.0,0.0,2.0,0.0,0.0,0.0
"b'@elnegrochicho gran compa\xc3\xb1ero chicho, todo amor.'",[0 0 0 0 0 0],"[""b'@elnegrochicho"", 'gran', 'compa\\xc3\\xb1ero', 'chicho,', 'todo', ""amor.'""]",58.0,0.0,0.0,0.0,2.0,0.0,0.0,0.0
b'rt @pablofourtyfive: \xe2\x80\x9cprofe soy cable onda \xe2\x80\x9c\nla excusa de este a\xc3\xb1o para llegar tarde a las clases virtuales \xf0\x9f\xa7\xa0',[ 0  0  0  0  0  0  0  0 -2  0  0  0  0  0 -3 -1  0  0  0],"[""b'rt"", '@pablofourtyfive:', '\\xe2\\x80\\x9cprofe', 'soy', 'cable', 'onda', '\\xe2\\x80\\x9c\\nla', 'excusa', 'de', 'este', 'a\\xc3\\xb1o', 'para', 'llegar', 'tarde', 'a', 'las', 'clases', 'virtuales', ""\\xf0\\x9f\\xa7\\xa0'""]",157.0,2.0,2.0,2.0,6.0,0.0,0.0,-2.0
"b'rt @bxktoon: ""tetsu, esc\xc3\xbachame bien, el amor no existe. no te enamores jam\xc3\xa1s, no abras tu coraz\xc3\xb3n a nadie, no dejes que nadie vea dentro de\xe2\x80\xa6'","[ 0  0  0  0  0  2  2 -1  0 -1 -2  0  0 -1  0  0  0 -3  0 -1  0  0  0  0
  0  0]","[""b'rt"", '@bxktoon:', '""tetsu,', 'esc\\xc3\\xbachame', 'bien,', 'el', 'amor', 'no', 'existe.', 'no', 'te', 'enamores', 'jam\\xc3\\xa1s,', 'no', 'abras', 'tu', 'coraz\\xc3\\xb3n', 'a', 'nadie,', 'no', 'dejes', 'que', 'nadie', 'vea', 'dentro', ""de\\xe2\\x80\\xa6'""]",175.0,2.0,2.0,8.0,12.0,0.0,2.0,-2.0
"b'@resistearchivo mu21c, en el sistema de cable de nqn siempre fue canal de relleno, onda, lo ponian cuando el canal\xe2\x80\xa6 https://t.co/2wn9vev11b'",[ 0  0  1  2  0 -2  0 -2  0  0  0  0 -2  0  0 -1  0  0  2  0  0],"[""b'@resistearchivo"", 'mu21c,', 'en', 'el', 'sistema', 'de', 'cable', 'de', 'nqn', 'siempre', 'fue', 'canal', 'de', 'relleno,', 'onda,', 'lo', 'ponian', 'cuando', 'el', 'canal\\xe2\\x80\\xa6', ""https://t.co/2wn9vev11b'""]",153.0,0.0,6.0,2.0,14.0,2.0,4.0,0.0
"b'un amor como el tuyo, gracias a ti mi bisabuela, por ese amor incondicional, nos har\xc3\xa1s falta.\n\n20-07-2020 \xf0\x9f\x98\xad\xf0\x9f\x99\x8c\xf0\x9f\x8f\xbc\n\nsalm\xe2\x80\xa6 https://t.co/mbkrybxn51'",[ 0  2  0  2  0  0 -3 -1 -3  0  0  0  2  0  1  0  0  0  0],"[""b'un"", 'amor', 'como', 'el', 'tuyo,', 'gracias', 'a', 'ti', 'mi', 'bisabuela,', 'por', 'ese', 'amor', 'incondicional,', 'nos', 'har\\xc3\\xa1s', 'falta.\\n\\n20-07-2020', '\\xf0\\x9f\\x98\\xad\\xf0\\x9f\\x99\\x8c\\xf0\\x9f\\x8f\\xbc\\n\\nsalm\\xe2\\x80\\xa6', ""https://t.co/mbkrybxn51'""]",210.0,4.0,0.0,2.0,12.0,2.0,6.0,2.0
b'\xe2\x80\x9cprofe soy cable onda \xe2\x80\x9c\nla excusa de este a\xc3\xb1o para llegar tarde a las clases virtuales \xf0\x9f\xa7\xa0',[ 0  0  0  0  0  0 -2  0  0  0  0  0 -3 -1  0  0  0],"[""b'\\xe2\\x80\\x9cprofe"", 'soy', 'cable', 'onda', '\\xe2\\x80\\x9c\\nla', 'excusa', 'de', 'este', 'a\\xc3\\xb1o', 'para', 'llegar', 'tarde', 'a', 'las', 'clases', 'virtuales', ""\\xf0\\x9f\\xa7\\xa0'""]",136.0,2.0,2.0,2.0,6.0,0.0,0.0,-2.0
"b'rt @leewang74046350: #jiminpretty \nc\xc3\xb3mo es posible que ataquen de esa manera a jimin? osea... \xc2\xbfqu\xc3\xa9 hizo mal? dejenlo en paz, el no hizo nad\xe2\x80\xa6'",[ 0  0  0  0 -2  0  0  0 -2  0  0 -3  0  0  0  0  0  0  1  0  2 -1  0  0],"[""b'rt"", '@leewang74046350:', '#jiminpretty', '\\nc\\xc3\\xb3mo', 'es', 'posible', 'que', 'ataquen', 'de', 'esa', 'manera', 'a', 'jimin?', 'osea...', '\\xc2\\xbfqu\\xc3\\xa9', 'hizo', 'mal?', 'dejenlo', 'en', 'paz,', 'el', 'no', 'hizo', ""nad\\xe2\\x80\\xa6'""]",176.0,2.0,4.0,2.0,12.0,2.0,2.0,-2.0
b'rt @reyhenningham: sres. @teamcableonda @cableondanews @aigesinnovacion @acodecopma @aseppanama \nacabo de llamar por celular a la central d\xe2\x80\xa6',[ 0  0  0  0  0  0  0  0  0 -2  0  0  0 -3 -1  0  0],"[""b'rt"", '@reyhenningham:', 'sres.', '@teamcableonda', '@cableondanews', '@aigesinnovacion', '@acodecopma', '@aseppanama', '\\nacabo', 'de', 'llamar', 'por', 'celular', 'a', 'la', 'central', ""d\\xe2\\x80\\xa6'""]",155.0,2.0,2.0,2.0,6.0,0.0,0.0,-2.0
"b'rt @luzma04042407: entend\xc3\xad que:\n\nla vida sigue, con o sin amigos, con o sin amor.\n\n\xf0\x9f\x92\x99\xf0\x9f\x92\x99 https://t.co/sfgpgyuuf1'",[ 0  0  0  0  0  0  0 -2  0  0  0 -2  0  0  0],"[""b'rt"", '@luzma04042407:', 'entend\\xc3\\xad', 'que:\\n\\nla', 'vida', 'sigue,', 'con', 'o', 'sin', 'amigos,', 'con', 'o', 'sin', 'amor.\\n\\n\\xf0\\x9f\\x92\\x99\\xf0\\x9f\\x92\\x99', ""https://t.co/sfgpgyuuf1'""]",153.0,0.0,4.0,0.0,6.0,0.0,0.0,-2.0
b'\xf0\x9f\x98\xa4 a @teamcableonda porque nunca estoy cerca de la velocidad de internet que contrat\xc3\xa9? \n\ncable onda en panam\xc3\xa1: veloc\xe2\x80\xa6 https://t.co/dpwqth9vev',[ 0 -3  0  0  0  0  0 -2 -1  0 -2  0  0  0  0  0  1  0  0  0],"[""b'\\xf0\\x9f\\x98\\xa4"", 'a', '@teamcableonda', 'porque', 'nunca', 'estoy', 'cerca', 'de', 'la', 'velocidad', 'de', 'internet', 'que', 'contrat\\xc3\\xa9?', '\\n\\ncable', 'onda', 'en', 'panam\\xc3\\xa1:', 'veloc\\xe2\\x80\\xa6', ""https://t.co/dpwqth9vev'""]",185.0,2.0,4.0,2.0,10.0,2.0,0.0,-2.0
"b'rt @ivanduque: hoy queremos enviarles un saludo fraterno a los h\xc3\xa9roes de colombia. ustedes, soldados y polic\xc3\xadas, han ayudado en estos momen\xe2\x80\xa6'",[ 0  0  0  0  0  0  0  0 -3 -1  0 -2  0  0  0  0  0  0  0  1  0  0],"[""b'rt"", '@ivanduque:', 'hoy', 'queremos', 'enviarles', 'un', 'saludo', 'fraterno', 'a', 'los', 'h\\xc3\\xa9roes', 'de', 'colombia.', 'ustedes,', 'soldados', 'y', 'polic\\xc3\\xadas,', 'han', 'ayudado', 'en', 'estos', ""momen\\xe2\\x80\\xa6'""]",168.0,2.0,2.0,2.0,8.0,2.0,0.0,-2.0
b'rt @reyhenningham: sres. @teamcableonda @cableondanews @aigesinnovacion @acodecopma @aseppanama \nacabo de llamar por celular a la central d\xe2\x80\xa6',[ 0  0  0  0  0  0  0  0  0 -2  0  0  0 -3 -1  0  0],"[""b'rt"", '@reyhenningham:', 'sres.', '@teamcableonda', '@cableondanews', '@aigesinnovacion', '@acodecopma', '@aseppanama', '\\nacabo', 'de', 'llamar', 'por', 'celular', 'a', 'la', 'central', ""d\\xe2\\x80\\xa6'""]",155.0,2.0,2.0,2.0,6.0,0.0,0.0,-2.0
"b'los actos de amor no pasan, dejan en el coraz\xc3\xb3n una se\xc3\xb1al imborrable.'",[ 0  0 -2  2 -1  0  0  1  2  0  0  0  0],"[""b'los"", 'actos', 'de', 'amor', 'no', 'pasan,', 'dejan', 'en', 'el', 'coraz\\xc3\\xb3n', 'una', 'se\\xc3\\xb1al', ""imborrable.'""]",86.0,0.0,2.0,2.0,6.0,2.0,4.0,2.0
b'rt @ss_samc: antes peleaba con c&amp;w y ahora tengo que pelear con cable onda.',[0 0 2 0 0 0 0 0 0 0 0 0 0 0],"[""b'rt"", '@ss_samc:', 'antes', 'peleaba', 'con', 'c&amp;w', 'y', 'ahora', 'tengo', 'que', 'pelear', 'con', 'cable', ""onda.'""]",82.0,0.0,0.0,0.0,4.0,0.0,2.0,2.0
"b'rt @vivanicaragua79: #41julioenvictorias | hoy despert\xc3\xa9 agradecida con la vida, xq hoy en nicaragua hay paz, hay amor, hay tranquilidad y l\xe2\x80\xa6'",[ 0  0  0  0  0  0  0  0 -1  0  0  0  1  0  0  0  0  0  0  0  0  0],"[""b'rt"", '@vivanicaragua79:', '#41julioenvictorias', '|', 'hoy', 'despert\\xc3\\xa9', 'agradecida', 'con', 'la', 'vida,', 'xq', 'hoy', 'en', 'nicaragua', 'hay', 'paz,', 'hay', 'amor,', 'hay', 'tranquilidad', 'y', ""l\\xe2\\x80\\xa6'""]",161.0,0.0,0.0,2.0,6.0,2.0,0.0,0.0
"b'@sweetgxlden28 onda el cable est\xc3\xa1 perfecto, pero no carga! todo es dolor y bronca t juro'",[ 0  0  2  0  0  0  0 -1  0  0 -2  0  0  0 -3  0],"[""b'@sweetgxlden28"", 'onda', 'el', 'cable', 'est\\xc3\\xa1', 'perfecto,', 'pero', 'no', 'carga!', 'todo', 'es', 'dolor', 'y', 'bronca', 't', ""juro'""]",98.0,2.0,2.0,2.0,10.0,0.0,2.0,-2.0
"b'rt @ssolegario: saludos camarada,hermana y compatriota. tambi\xc3\xa9n para ud y los suyos, un saludo llenos de bendiciones,paz pero sobre todo mu\xe2\x80\xa6'",[ 0  0  0  0  0  0  0  0  0  0 -1  0  0  0  0 -2  0  0  0  0  0],"[""b'rt"", '@ssolegario:', 'saludos', 'camarada,hermana', 'y', 'compatriota.', 'tambi\\xc3\\xa9n', 'para', 'ud', 'y', 'los', 'suyos,', 'un', 'saludo', 'llenos', 'de', 'bendiciones,paz', 'pero', 'sobre', 'todo', ""mu\\xe2\\x80\\xa6'""]",161.0,0.0,2.0,2.0,6.0,0.0,0.0,-2.0
"b'@fabicai90 @cablefibertel @fibertel lo voy a probar, pero en mi caso creo que es un tema de se\xc3\xb1al, me chinga la luc\xe2\x80\xa6 https://t.co/txjflhfhjb'",[ 0  0  0 -1  0 -3  0  0  1 -3  0  0  0 -2  0  0 -2  0  2  0 -1  0  0],"[""b'@fabicai90"", '@cablefibertel', '@fibertel', 'lo', 'voy', 'a', 'probar,', 'pero', 'en', 'mi', 'caso', 'creo', 'que', 'es', 'un', 'tema', 'de', 'se\\xc3\\xb1al,', 'me', 'chinga', 'la', 'luc\\xe2\\x80\\xa6', ""https://t.co/txjflhfhjb'""]",161.0,4.0,4.0,4.0,16.0,2.0,2.0,-2.0
b'rt @auronxsea: gustabo garc\xc3\x8da sos un terrible puto y tu sociopatia una terrible mierda no te acord\xc3\x81s cuando horacio te llenaba el alma de a\xe2\x80\xa6',"[ 0  0  0  0  2  0 -2  0  0  0  0  0 -2 -3 -1 -2  0  0  0 -2  0  2  0 -2
  0]","[""b'rt"", '@auronxsea:', 'gustabo', 'garc\\xc3\\x8da', 'sos', 'un', 'terrible', 'puto', 'y', 'tu', 'sociopatia', 'una', 'terrible', 'mierda', 'no', 'te', 'acord\\xc3\\x81s', 'cuando', 'horacio', 'te', 'llenaba', 'el', 'alma', 'de', ""a\\xe2\\x80\\xa6'""]",168.0,2.0,10.0,2.0,14.0,0.0,4.0,-2.0
"b'rt @leftymiguell: mientras ustedes sufren por amor yo sufro por este internet tan malaso!!, t odio cable onda'",[ 0  0  0  0  0  0  2  0  0  0  0  0  0  0 -3 -2  0  0],"[""b'rt"", '@leftymiguell:', 'mientras', 'ustedes', 'sufren', 'por', 'amor', 'yo', 'sufro', 'por', 'este', 'internet', 'tan', 'malaso!!,', 't', 'odio', 'cable', ""onda'""]",112.0,2.0,2.0,0.0,6.0,0.0,2.0,-2.0